filename, LEVEL_2, LEVEL_3, LEVEL_4, LEVEL_5, LEVEL_6, LEVEL_7
2-Top-Down_jpg.rf.8dd507276573cc85b9ccded385cc691f.jpg, 1, 0, 0, 0, 0, 0
13-Back_jpg.rf.8ef9e86ad859b1144f3d51260ba0c8cb.jpg, 0, 0, 0, 1, 0, 0
6-Top-Down_jpg.rf.8b7cd2e0d101bee20f7b1c0cdc41d0f1.jpg, 0, 0, 0, 0, 0, 1
1-Front_jpg.rf.8cf046a73522cd3df5eeed78ccaee748.jpg, 0, 0, 1, 0, 0, 0
23-Top-Down_jpg.rf.8aa19027cb0d242c05735a9855b83918.jpg, 0, 0, 1, 0, 0, 0
4-Top-Down_jpg.rf.8e0cab5082d3f7401cb5376d7aacb444.jpg, 0, 0, 0, 0, 1, 0
16-Top-Down_jpg.rf.8c3863a1a4fc564a91be01f2a7c6c091.jpg, 0, 0, 0, 0, 1, 0
2-Right_jpg.rf.8e88b5d60debaa7bbb0de17911c40aaf.jpg, 0, 0, 0, 1, 0, 0
26-Front_jpg.rf.8d8c02cf409743ddb334e0fcf644cfd9.jpg, 0, 0, 0, 1, 0, 0
17-Back_jpg.rf.8d3ed67ee11ccc34c4da13c311f5b7cb.jpg, 0, 0, 0, 1, 0, 0
33-Back_jpg.rf.8c6c58a6c50b04190a7355abd3786f8e.jpg, 0, 1, 0, 0, 0, 0
12-Left_jpg.rf.8dd7af39ee8f9aba7fed0f7b14247586.jpg, 0, 1, 0, 0, 0, 0
22-Right_jpg.rf.8e183cd6fbd8e546136dfb1975eb407a.jpg, 0, 0, 0, 0, 1, 0
16-Left_jpg.rf.8ee59bf98ed42e519b1dc54a1fdce5c3.jpg, 0, 0, 1, 0, 0, 0
14-Front_jpg.rf.8adfea2a44529193f87ff0933447e310.jpg, 1, 0, 0, 0, 0, 0
3-Right_jpg.rf.8a9c692105eae515d84cdd06bc5732e4.jpg, 1, 0, 0, 0, 0, 0
13-Right_jpg.rf.8e07c531933d7997ede4a9d6bfbe3c86.jpg, 1, 0, 0, 0, 0, 0
7-Front_jpg.rf.8c613cc9b09f86ff3ac137f930cd11ad.jpg, 0, 0, 1, 0, 0, 0
17-Back_jpg.rf.8f7fba0aa5f2953a5aeff13295f9bee6.jpg, 0, 0, 0, 0, 0, 1
7-Front_jpg.rf.8e23e63722a325bbf2fc51f5d351a58c.jpg, 0, 0, 0, 1, 0, 0
3-Back_jpg.rf.8d9149cd10f216d3f4ba29f4d718e142.jpg, 0, 0, 0, 0, 0, 1
13-Top-Down_jpg.rf.8b46185b1d8f8b87256de259e0964226.jpg, 0, 0, 0, 0, 1, 0
20-Back_jpg.rf.8bc69b4ce1b5cd8e8e7ca958d0b124ca.jpg, 0, 0, 1, 0, 0, 0
28-Top-Down_jpg.rf.8bd956b12b85005185339e8c05ce66b7.jpg, 1, 0, 0, 0, 0, 0
3-Right_jpg.rf.8fd3d389c574dd75d0c898aeb7cec50d.jpg, 0, 0, 0, 0, 0, 1
4-Top-Down_jpg.rf.8d1c1c80fa243bd0c2f923484092f6d0.jpg, 0, 1, 0, 0, 0, 0
29-Front_jpg.rf.90bf6f2de7b68c7d0c632f9db6cb4497.jpg, 0, 1, 0, 0, 0, 0
2-Right_jpg.rf.9060138323804fa576bd6f9c0a3b60fa.jpg, 0, 1, 0, 0, 0, 0
11-Left_jpg.rf.9043b1c2b95fcab50156c489f55f0c16.jpg, 0, 0, 1, 0, 0, 0
16-Back_jpg.rf.9123a4266538bdf3b5c42c2e17d00025.jpg, 0, 0, 0, 1, 0, 0
50-Right_jpg.rf.9034f39c7d25095370e0c13e80437c0d.jpg, 0, 1, 0, 0, 0, 0
27-Back_jpg.rf.91d0255ffaf39dd15e73ce76265c2fc6.jpg, 0, 0, 0, 0, 1, 0
14-Top-Down_jpg.rf.91f4dd464c672ba65c630e4f71703265.jpg, 0, 0, 0, 0, 0, 1
23-Right_jpg.rf.8ffc9e60eb1af6664579d8ca1d5637c0.jpg, 0, 0, 1, 0, 0, 0
5-Top-Down_jpg.rf.91239173ca6c97e28a330dc2a8e12a3d.jpg, 0, 0, 0, 0, 0, 1
30-Right_jpg.rf.92be80dce7c1601856d9208b3ce344a7.jpg, 0, 0, 1, 0, 0, 0
39-Top-Down_jpg.rf.92f02f4b4b5d13271853f37307beccd4.jpg, 0, 1, 0, 0, 0, 0
51-Right_jpg.rf.9114cf3ead98078fb78e2d3ef84fa15d.jpg, 0, 1, 0, 0, 0, 0
23-Front_jpg.rf.92d2b0bdf927eea6a04c64e33886820e.jpg, 1, 0, 0, 0, 0, 0
31Left_jpg.rf.92ac4191f8aca2d5215eb90a1c1f512f.jpg, 1, 0, 0, 0, 0, 0
40-Right_jpg.rf.92fd6c1af1f97037887b55bd22238ad9.jpg, 0, 1, 0, 0, 0, 0
4-Right_jpg.rf.912fbe444d1516a06ca2ae88c9b777a1.jpg, 0, 0, 0, 0, 0, 1
17-Right_jpg.rf.916121520f9544f3f714355ef71c7f52.jpg, 0, 1, 0, 0, 0, 0
13-Front_jpg.rf.92d76ecf3c995f1129ef0409026e69e1.jpg, 0, 0, 0, 0, 1, 0
18-Left_jpg.rf.931f9b45be49b2fee6b6499e23bc4b91.jpg, 0, 0, 1, 0, 0, 0
14-Left_jpg.rf.92f59264dd0d3cb9cbf0599a3aab96c2.jpg, 0, 1, 0, 0, 0, 0
32-Front_jpg.rf.93051d53d2e4be965fd5ada17d110a87.jpg, 1, 0, 0, 0, 0, 0
31-Right_jpg.rf.945e6f048af25410c2435ff33b711f84.jpg, 1, 0, 0, 0, 0, 0
23-Back_jpg.rf.93aec3ae2d21a4e1ae3cbdddced6e17a.jpg, 0, 0, 0, 0, 1, 0
29-Right_jpg.rf.933da3182ae74f91326318cc41134748.jpg, 0, 0, 0, 0, 1, 0
55-Front_jpg.rf.94969ea4184c578f1f9841a818963a91.jpg, 0, 1, 0, 0, 0, 0
3-Front_jpg.rf.93421a1cdb19e2ed8e98192cc21d1cbd.jpg, 0, 0, 0, 0, 0, 1
51-Back_jpg.rf.9322dc8aec2a908859bed2361c81a630.jpg, 0, 1, 0, 0, 0, 0
30-Top-Down_jpg.rf.9351058efef704eadf32f03017b66595.jpg, 0, 0, 1, 0, 0, 0
6-Back_jpg.rf.94e09b5b038f09ee0a16713b76a23c68.jpg, 1, 0, 0, 0, 0, 0
9-Right_jpg.rf.927428001dc5b37f12bb8a37466ccbfa.jpg, 1, 0, 0, 0, 0, 0
24-Back_jpg.rf.95269dfda5ace89347b7bbcc1386bc6b.jpg, 0, 0, 0, 1, 0, 0
19-Right_jpg.rf.942aae1906c59df82de1232513be5cb5.jpg, 1, 0, 0, 0, 0, 0
39-Front_jpg.rf.95b0aff6f6aab1a6bf2f44085e1f5231.jpg, 0, 0, 1, 0, 0, 0
14-Front_jpg.rf.95dfaf27744ea4d9002982b29350a629.jpg, 0, 0, 0, 0, 1, 0
24-Top-Down_jpg.rf.95bec3daeb2c175fb5c3a583449b7542.jpg, 0, 0, 1, 0, 0, 0
21-Left_jpg.rf.9701add00cdc9102caf309c02f6a41b9.jpg, 0, 0, 0, 1, 0, 0
9-Right_jpg.rf.968a972cc1776a738d26bed57421fa49.jpg, 1, 0, 0, 0, 0, 0
24-Front_jpg.rf.98317829059209827222e7b4ff9c66dc.jpg, 0, 0, 0, 1, 0, 0
23-Front_jpg.rf.981f4b754e7d76f75e3ff3d13b405007.jpg, 0, 0, 0, 1, 0, 0
30-Top-Down_jpg.rf.958bf19e39feb4c62efcfdb760187b9b.jpg, 0, 0, 1, 0, 0, 0
13-Right_jpg.rf.954fea793d624fbd4b05aa38abb7c837.jpg, 0, 0, 0, 0, 1, 0
1-Right_jpg.rf.95cf5ca3fd83db8817e2452d7650a715.jpg, 1, 0, 0, 0, 0, 0
15-Left_jpg.rf.9718689051c2ff3ec4a71f0b75f9a869.jpg, 0, 0, 0, 0, 1, 0
15-Front_jpg.rf.95e7a06318c3e536605105e9c6b6b0de.jpg, 0, 0, 0, 0, 0, 1
33-Back_jpg.rf.972c3abd8d811e4fb02d54e0b8536869.jpg, 1, 0, 0, 0, 0, 0
31-Back_jpg.rf.96b7a5d57e0fec38e7b9793217c82d15.jpg, 0, 1, 0, 0, 0, 0
37-Top-Down_jpg.rf.98bb3960a1fe9c36de1292a8941370be.jpg, 0, 1, 0, 0, 0, 0
1-Front_jpg.rf.996799924a16f79cabd9a721e336a303.jpg, 1, 0, 0, 0, 0, 0
1-Right_jpg.rf.9895dfe545deb605223621738070cc82.jpg, 0, 0, 0, 1, 0, 0
23-Left_jpg.rf.98d51e8e7714dd0a4d77b41b3a8b8481.jpg, 1, 0, 0, 0, 0, 0
23-Right_jpg.rf.973790eb36957e57a53e90369a419800.jpg, 1, 0, 0, 0, 0, 0
8-Left_jpg.rf.958470cae96dbbae9686c09ca7a6ab1b.jpg, 0, 0, 0, 0, 0, 1
37-Front_jpg.rf.973c79c20fba27e621110070e60d2d4b.jpg, 1, 0, 0, 0, 0, 0
51-Top-Down_jpg.rf.965bd19fb0fd26833bc7cca1e96fdb16.jpg, 0, 1, 0, 0, 0, 0
2-Back_jpg.rf.981e198cba397547b4611e272c137b1b.jpg, 0, 0, 0, 0, 1, 0
34-Left_jpg.rf.98b765654abdc78c6872bfddcec47117.jpg, 0, 1, 0, 0, 0, 0
17-Left_jpg.rf.99eea7d1d3ced3dda8eada06686f028b.jpg, 1, 0, 0, 0, 0, 0
17-Right_jpg.rf.99032a57eb3f8266f6aa01145d4f3efe.jpg, 0, 1, 0, 0, 0, 0
14-Left_jpg.rf.9a13158d62ba32317b338fb045db3a03.jpg, 0, 0, 0, 1, 0, 0
16-Right_jpg.rf.9a3ccfd8f5d2761b4604e483968226fc.jpg, 0, 0, 0, 0, 1, 0
27-Back_jpg.rf.998d001d179e71027ef29ca36aa715cd.jpg, 0, 0, 0, 1, 0, 0
35-Back_jpg.rf.9ca41013c2d0eaf36c45a579e5c264f2.jpg, 1, 0, 0, 0, 0, 0
27-Right_jpg.rf.9b8dfc6cb65b02ebdcaf507370688999.jpg, 1, 0, 0, 0, 0, 0
6-Front_jpg.rf.9c6127f358146b3f5dcd6b2271487530.jpg, 0, 0, 0, 1, 0, 0
12-Top-Down_jpg.rf.9bd1025244525ced79520bd03b969105.jpg, 0, 0, 1, 0, 0, 0
1-Back_jpg.rf.9c1257ebbc2839d4e14d93769e20e9f5.jpg, 0, 0, 0, 0, 0, 1
18-Right_jpg.rf.9d3ee99ee97aed435ce9b4fc54740355.jpg, 0, 0, 0, 0, 1, 0
17-Back_jpg.rf.9db3ec2322fa68cf4d8600b182f1e3f6.jpg, 1, 0, 0, 0, 0, 0
39-Back_jpg.rf.9c6ac87cb0d48c47b13dd6faa1197d5d.jpg, 0, 1, 0, 0, 0, 0
11-Front_jpg.rf.9d4de554661397e1a14d157a5efc6935.jpg, 0, 0, 1, 0, 0, 0
11-Back_jpg.rf.9d5114b9e2a4dcc75e3d24e4d07cebf8.jpg, 0, 0, 0, 0, 0, 1
1-Left_jpg.rf.9ae57715860a81ed91f2253dbc109758.jpg, 0, 1, 0, 0, 0, 0
8-Back_jpg.rf.9fa7d08bd8ebeea018e013c45c497998.jpg, 0, 0, 0, 1, 0, 0
31-Front_jpg.rf.9ed7fc8d2b7baaf846acc3e9b7e6748c.jpg, 0, 1, 0, 0, 0, 0
16-Right_jpg.rf.a0c8a135fa5c5221f878df565481799f.jpg, 0, 0, 0, 0, 0, 1
10-Right_jpg.rf.a0da8a1f543d2d3049cc22151da192fe.jpg, 0, 0, 1, 0, 0, 0
15-Left_jpg.rf.9c2b1212e7231a12231b071316ab58a3.jpg, 0, 0, 1, 0, 0, 0
19-Back_jpg.rf.a02d8fc1f28751355076b33c2eaa328f.jpg, 1, 0, 0, 0, 0, 0
23-Top-Down_jpg.rf.9ddf5c1c71b74ef61bf1d204082538c7.jpg, 0, 0, 0, 1, 0, 0
34-Back_jpg.rf.9fab5782d0ec167541f9384f359fe8fe.jpg, 0, 1, 0, 0, 0, 0
34-Top-Down_jpg.rf.9a844e2a0f4b6bb18e51072afcbf600a.jpg, 0, 1, 0, 0, 0, 0
14-Back_jpg.rf.9f0be36631d938cedbbf189004bfc2e6.jpg, 0, 0, 0, 0, 0, 1
50-Top-Down_jpg.rf.9bae80bb994208fb21bf60433f9e1410.jpg, 0, 1, 0, 0, 0, 0
24-Left_jpg.rf.a2674547ac80bbfc4fc2f2f76b348678.jpg, 0, 1, 0, 0, 0, 0
34-Top-Down_jpg.rf.a1c1e3ce6f85508e53e784f734197f8a.jpg, 0, 1, 0, 0, 0, 0
14-Right_jpg.rf.9fa08bab7b823c78a6152241af87fc92.jpg, 0, 1, 0, 0, 0, 0
31-Front_jpg.rf.a1ac47aab24ee55107ce12cf4702de4b.jpg, 0, 1, 0, 0, 0, 0
20-Back_jpg.rf.9cf02e17c36cc542e3ed31b04088330b.jpg, 0, 0, 0, 1, 0, 0
6-Top-Down_jpg.rf.a3b66323f109302cfaebf204f73ace85.jpg, 0, 0, 0, 0, 0, 1
1-Top-Down_jpg.rf.a1ab071e979d815d38c9dbcf75a3be32.jpg, 0, 0, 0, 0, 0, 1
19-Top-Down_jpg.rf.a182fb757e7f128bc1a8c49440504f3e.jpg, 1, 0, 0, 0, 0, 0
28-Front_jpg.rf.a463663b14f26df99de744b009c198cb.jpg, 0, 0, 0, 0, 1, 0
27-Left_jpg.rf.a0bc01967a5857bf9c256b353d79415d.jpg, 1, 0, 0, 0, 0, 0
21-Front_jpg.rf.a44cbd60dc7e55d16438f9dab5d37ec5.jpg, 0, 0, 0, 1, 0, 0
9-Right_jpg.rf.a0e1bfc525156b3fad75a771ed7c48dc.jpg, 1, 0, 0, 0, 0, 0
27-Left_jpg.rf.a5b3003ff7fd11dfaffb89a9ab5f2596.jpg, 0, 0, 0, 0, 1, 0
35-Front_jpg.rf.a4fe370b03f619ba404e2220859f15ee.jpg, 0, 0, 1, 0, 0, 0
37-Right_jpg.rf.a505a53e4abc158214ca1dea5e482912.jpg, 0, 1, 0, 0, 0, 0
14-Back_jpg.rf.a3c6396fc380b5f4abb504c5a8594eb4.jpg, 1, 0, 0, 0, 0, 0
3-Left_jpg.rf.a398e62c7d131a3bf7886d1e4ce51de2.jpg, 0, 0, 0, 0, 0, 1
8-Top-Down_jpg.rf.a4e7b208fc4fd69035726ce57039b066.jpg, 0, 0, 0, 0, 0, 1
27-Left_jpg.rf.a1c9fcf21b37ac573e93db7ac3ce9b57.jpg, 0, 0, 0, 1, 0, 0
21-Right_jpg.rf.a36096133247d22ef510f4a272e65c78.jpg, 0, 0, 0, 1, 0, 0
33-Right_jpg.rf.a51bd95040e6fc3d95b96264e1a28e1f.jpg, 1, 0, 0, 0, 0, 0
21-Left_jpg.rf.a643d65dfdb52f68432b6561dc923e36.jpg, 0, 0, 1, 0, 0, 0
26-Left_jpg.rf.a5d7263ebfd073805c236983f3d2a602.jpg, 0, 0, 0, 0, 1, 0
18-Front_jpg.rf.a4e92b9e2d618eadd322ef0485e07f34.jpg, 0, 0, 0, 0, 1, 0
18-Left_jpg.rf.a6317eea4433f143639f2442067e72bc.jpg, 0, 0, 0, 1, 0, 0
11-Top-Down_jpg.rf.a6195d2c3a6c16e6a8013cd4d577517c.jpg, 0, 0, 0, 1, 0, 0
39-Back_jpg.rf.a7b1da13429baad725a0dbd5cd518741.jpg, 0, 0, 1, 0, 0, 0
33-Front_jpg.rf.a7852da82cdb95df5dd03dcb9db8693a.jpg, 1, 0, 0, 0, 0, 0
26-Back_jpg.rf.a6f74c789da26d23bbeea4d1b38deeaa.jpg, 0, 0, 0, 0, 1, 0
31-Right_jpg.rf.a3dee58edba304ff9d0c9b58072ae722.jpg, 0, 1, 0, 0, 0, 0
23-Top-Down_jpg.rf.a793cbbd6e12f5de982974a9411f7aea.jpg, 0, 0, 1, 0, 0, 0
6-Left_jpg.rf.a7222381f98cdc885a2f2081cd6f1f0b.jpg, 0, 1, 0, 0, 0, 0
37-Back_jpg.rf.a62d88cf628aeaf8f7ad9dea2bb05cea.jpg, 0, 0, 1, 0, 0, 0
23-Front_jpg.rf.a7f6f7fd2b48dc3cdf3434450db18b95.jpg, 1, 0, 0, 0, 0, 0
39-Left_jpg.rf.a9618f0c1a8defe30ce7dc0f4068de9c.jpg, 0, 1, 0, 0, 0, 0
30-Right_jpg.rf.a71b3f97c89edf65cd6ab21acf959183.jpg, 0, 0, 1, 0, 0, 0
29-Back_jpg.rf.a552c438dd1a8c0c5c6152d6470d4ef2.jpg, 0, 0, 1, 0, 0, 0
1-Right_jpg.rf.a9980244a503c4b7cb8506959b0089ad.jpg, 0, 1, 0, 0, 0, 0
29-Left_jpg.rf.a64c3286ec955b21de924312f732539c.jpg, 0, 0, 0, 0, 1, 0
22-Top-Down_jpg.rf.a80488af13af1e587a81a2334e318d36.jpg, 0, 0, 0, 0, 1, 0
38-Right_jpg.rf.a961fe163d1531c40e3000a00dfdfdfa.jpg, 0, 1, 0, 0, 0, 0
24-Top-Down_jpg.rf.a807f43d6c3dc410bc4431d4d9cf4c5d.jpg, 0, 0, 0, 1, 0, 0
28-Back_jpg.rf.a944c2882d3218fb499875fbaeb167bb.jpg, 1, 0, 0, 0, 0, 0
13-Left_jpg.rf.a787de0a0f9d69544ccb3586502afadb.jpg, 0, 0, 0, 1, 0, 0
35-Left_jpg.rf.a93f0197fafc628841234b8f855d1b3e.jpg, 1, 0, 0, 0, 0, 0
27-Back_jpg.rf.aab21ba7957fdf83f4e25c31206e11c5.jpg, 1, 0, 0, 0, 0, 0
2-Front_jpg.rf.a94c0daf05602be44e22e68899c42012.jpg, 0, 0, 0, 1, 0, 0
35-Right_jpg.rf.a9abf6701733acdf41390daa38923ee2.jpg, 0, 0, 1, 0, 0, 0
23-Right_jpg.rf.aa43e39ca84f6f2c8784b442f1ea8eb7.jpg, 0, 0, 1, 0, 0, 0
18-Front_jpg.rf.a98aa2e55c4a0975d86971c9680f5357.jpg, 0, 0, 1, 0, 0, 0
21-Front_jpg.rf.a766dadc57bb039aabadaa2323cf3629.jpg, 0, 0, 0, 0, 1, 0
26-Left_jpg.rf.aac053f1870da6b1c080d5a4df79affb.jpg, 0, 0, 0, 1, 0, 0
21-Front_jpg.rf.ab13f08935f3d1b140ad1f3c9021095a.jpg, 0, 0, 0, 0, 1, 0
6-Top-Down_jpg.rf.ab79ff5035c879e127fdf4d71e3ddcc9.jpg, 1, 0, 0, 0, 0, 0
28-Front_jpg.rf.ab31a57f53bbaca890ecab7cf622bccf.jpg, 0, 0, 0, 0, 1, 0
9-Left_jpg.rf.ac9705f1fedb04bcb7c88b14ec293ab7.jpg, 1, 0, 0, 0, 0, 0
18-Back_jpg.rf.ab604b293ebcc818ab0e19e50247da35.jpg, 0, 0, 0, 1, 0, 0
22-Right_jpg.rf.aad2dd8522b690b958dc3e5e5e1ec9cc.jpg, 1, 0, 0, 0, 0, 0
13-Left_jpg.rf.aac934dbfa84781f725f537bcb54c46c.jpg, 0, 0, 0, 0, 0, 1
2-Back_jpg.rf.abe350fc2088b53ec3f6bc8e3e60ad79.jpg, 0, 1, 0, 0, 0, 0
16-Left_jpg.rf.acc3d673f248f3e67ab034b6632fffae.jpg, 0, 0, 0, 1, 0, 0
23-Back_jpg.rf.ad85340a2e1991d875613644084b9574.jpg, 0, 1, 0, 0, 0, 0
4-Back_jpg.rf.ad12c6b98bfe1f3cd303056bb1632894.jpg, 0, 0, 0, 0, 0, 1
33-Front_jpg.rf.acb72717aa2946a68a3fa367ac35a23d.jpg, 0, 1, 0, 0, 0, 0
2-Back_jpg.rf.aedfd797a58fcf78d710e191d237b86d.jpg, 0, 0, 0, 1, 0, 0
38-Left_jpg.rf.acce3356b78d1a59427d88f21ce6e663.jpg, 0, 0, 1, 0, 0, 0
3-Right_jpg.rf.ae72c15027c90776c7a0a64b7990bd75.jpg, 1, 0, 0, 0, 0, 0
2-Right_jpg.rf.adb56e0e935e4626b19a9a7df22ff42b.jpg, 0, 0, 0, 1, 0, 0
14-Back_jpg.rf.ae9fb7726a6b8fb2b8bef21bc37cc243.jpg, 0, 0, 0, 1, 0, 0
24-Right_jpg.rf.af3378cbf5cebac735c61bb0daafe227.jpg, 0, 1, 0, 0, 0, 0
32Top-Down_jpg.rf.ae1e45e86c34bfef3cb23e35cc2e172c.jpg, 1, 0, 0, 0, 0, 0
2-Right_jpg.rf.ae70ee12d0ab41913f8e8ca457c43cb2.jpg, 1, 0, 0, 0, 0, 0
3-Left_jpg.rf.abcfa8387da746040c54a2d24ac9fcc5.jpg, 0, 0, 1, 0, 0, 0
25-Top-Down_jpg.rf.af12c57627deafd0415032592bd2137d.jpg, 0, 0, 0, 0, 1, 0
24-Front_jpg.rf.af137fa37f695aba476508af4b5c2550.jpg, 0, 1, 0, 0, 0, 0
13-Front_jpg.rf.b10a9a7208013b9e62f9a4e6991ae80b.jpg, 0, 0, 0, 1, 0, 0
20-Top-Down_jpg.rf.b17cef262a40ae74df16151110735709.jpg, 1, 0, 0, 0, 0, 0
4-Front_jpg.rf.afe4dbc3e0f821039f2f26ecf56815e3.jpg, 0, 1, 0, 0, 0, 0
21-Right_jpg.rf.b0479d5137a4700d5a4c3ed44693ad6a.jpg, 1, 0, 0, 0, 0, 0
32-Back_jpg.rf.b16f23663d597c2e852b614c271ebc8a.jpg, 1, 0, 0, 0, 0, 0
36-Left_jpg.rf.afa32eb260d6bd99c6db9d16f07dedbd.jpg, 1, 0, 0, 0, 0, 0
13-Top-Down_jpg.rf.b0c45b5ea5513ea433be7eba9215ea70.jpg, 1, 0, 0, 0, 0, 0
15-Top-Down_jpg.rf.b2bc776da3d9541be58991dfc51655c5.jpg, 0, 0, 0, 0, 0, 1
1-Left_jpg.rf.b1881caa5323ac33a793a00f48f3ff97.jpg, 0, 1, 0, 0, 0, 0
2-Back_jpg.rf.afa2dbeb107029b4df14bd7a6421b34c.jpg, 0, 0, 0, 1, 0, 0
23-Back_jpg.rf.b27cd152b48fc4cd7d156f1b165e758f.jpg, 0, 0, 0, 0, 1, 0
13-Back_jpg.rf.b14aaa2dcd171309d84235d7e8010bf6.jpg, 0, 0, 0, 0, 0, 1
27-Back_jpg.rf.b24e995ee7b981512f893a8c2b81c4d0.jpg, 0, 0, 1, 0, 0, 0
50-Right_jpg.rf.b084ab958979237c93a3a68babde2715.jpg, 0, 1, 0, 0, 0, 0
21-Right_jpg.rf.b1bbfe535264b7d76b80909b2ac2ef59.jpg, 1, 0, 0, 0, 0, 0
18-Left_jpg.rf.af89e04a2149c7ca402620362b49333b.jpg, 0, 0, 1, 0, 0, 0
18-Left_jpg.rf.b1022647f8eea4316b5bfa7038f10150.jpg, 1, 0, 0, 0, 0, 0
21-Left_jpg.rf.b2148919e7907b1974589253733807db.jpg, 0, 0, 1, 0, 0, 0
30-Left_jpg.rf.b0f700cdc1d166543144267741c52a36.jpg, 0, 0, 0, 0, 1, 0
40-Right_jpg.rf.b344caa560eed148b20cd87eaf7041db.jpg, 0, 1, 0, 0, 0, 0
14-Right_jpg.rf.b24367bb1d973c80f960c6cf5e689ca4.jpg, 0, 0, 0, 0, 0, 1
7-Front_jpg.rf.b34995b99e1997211a60fcaca35c738e.jpg, 0, 0, 1, 0, 0, 0
31-Top-Down_jpg.rf.b1f8b621eaa683863dae624da2749e7c.jpg, 0, 0, 1, 0, 0, 0
11-Top-Down_jpg.rf.b3d3aa358037ca42d83a38d6f5a8579f.jpg, 0, 0, 0, 0, 1, 0
2-Right_jpg.rf.b3ccd961765f7e3c7da1ac91e4ee5e28.jpg, 0, 0, 0, 0, 0, 1
20-Top-Down_jpg.rf.b46d24b9de072193eb7c5722d542ae20.jpg, 0, 0, 0, 0, 1, 0
23-Top-Down_jpg.rf.ae2d0065566f8dd30e1fe1dc1355e835.jpg, 0, 0, 0, 0, 1, 0
4-Front_jpg.rf.b3302c24ec0a4d1543cc9cb56ff78386.jpg, 0, 0, 0, 0, 1, 0
25-Back_jpg.rf.b47ba04c31eba3af74a0d78f1430f8dd.jpg, 0, 0, 0, 1, 0, 0
10-Left_jpg.rf.b4fdf0f682fd8e44df57a8ef7226474f.jpg, 0, 0, 0, 1, 0, 0
17-Left_jpg.rf.b6815994a450600d9308ce32ca625a2a.jpg, 0, 1, 0, 0, 0, 0
12-Back_jpg.rf.b6e995ed4b37ad32be0ba1303cc0d14a.jpg, 0, 0, 0, 0, 0, 1
35-Front_jpg.rf.b5fa7830101fa2af265a4aca1544399e.jpg, 1, 0, 0, 0, 0, 0
6-Front_jpg.rf.b590a70df83210dda7d58901190bdcc2.jpg, 0, 0, 0, 0, 0, 1
29-Left_jpg.rf.b551087dcec20e99459b9546e7b0aade.jpg, 0, 0, 0, 0, 1, 0
19-Right_jpg.rf.b77b2eb4add0a268be4a35f6f18a727f.jpg, 1, 0, 0, 0, 0, 0
14-Front_jpg.rf.b73ccd0b7cdbcdc6bf12feaec9f9babd.jpg, 1, 0, 0, 0, 0, 0
23-Back_jpg.rf.b7f500c71e5a5fbd38b86d91fa6fabb4.jpg, 0, 0, 0, 1, 0, 0
12-Right_jpg.rf.b7b4149652f1fb62d18be766760d2462.jpg, 0, 1, 0, 0, 0, 0
12-Top-Down_jpg.rf.b64a22e7559395320c9d13d27486815a.jpg, 0, 1, 0, 0, 0, 0
14-Back_jpg.rf.b812beebab3b9965d0fd336a9a35aa9b.jpg, 0, 1, 0, 0, 0, 0
23-Left_jpg.rf.b4f19401cdfa7a27a8989b8f59039d65.jpg, 0, 0, 0, 1, 0, 0
13-Left_jpg.rf.b956b526cb15a999da5d463daf1897e7.jpg, 1, 0, 0, 0, 0, 0
17-Top-Down_jpg.rf.b8ca011f3a0e8e1ad0f56962acfba924.jpg, 0, 1, 0, 0, 0, 0
30-Top-Down_jpg.rf.b9cba7a57bed624ce4db113f9c8bdc31.jpg, 0, 0, 0, 0, 1, 0
14-Left_jpg.rf.ba71fc173e671dce7e2228b1d3bc68f9.jpg, 0, 0, 0, 1, 0, 0
26-Top-Down_jpg.rf.ba57f2c7d03922cdcc71bd32ea4ee199.jpg, 0, 0, 0, 1, 0, 0
14-Front_jpg.rf.b8e2a297f21b06f8df5dab565d79ab0e.jpg, 0, 0, 1, 0, 0, 0
14-Back_jpg.rf.b8046d5d44854bba17cb410f019ec046.jpg, 0, 0, 1, 0, 0, 0
27-Front_jpg.rf.bb037c2977c45eb78f0ccec424063e37.jpg, 1, 0, 0, 0, 0, 0
16-Left_jpg.rf.bbd5219553af44008dc1c1b277a871f9.jpg, 0, 0, 0, 0, 0, 1
14-Right_jpg.rf.b751df17c4387996302509d40948184b.jpg, 0, 1, 0, 0, 0, 0
16-Back_jpg.rf.bc0f7fa45b989281060df9ef08ef6e8e.jpg, 0, 0, 0, 1, 0, 0
34-Back_jpg.rf.b9da29334eb6f2c49774c1eaa35bbb84.jpg, 0, 0, 1, 0, 0, 0
6-Right_jpg.rf.bb299c5b3e7053066926673bea27c165.jpg, 0, 1, 0, 0, 0, 0
18-Top-Down_jpg.rf.b9c4d36471d89d45070f261f526e9538.jpg, 0, 0, 1, 0, 0, 0
51-Right_jpg.rf.bb5347ab97728abcb5b37f2b04cf7a00.jpg, 0, 1, 0, 0, 0, 0
27-Back_jpg.rf.baa164d883bd99144cf2875676d4cd27.jpg, 1, 0, 0, 0, 0, 0
39-Right_jpg.rf.bc993e34972f9fdb07b146fbe41e2e26.jpg, 0, 1, 0, 0, 0, 0
25-Top-Down_jpg.rf.bce2b68db092415f817df87dd27683ef.jpg, 0, 0, 0, 0, 1, 0
13-Back_jpg.rf.b92c19374cd020f0bb9496e5e939d615.jpg, 1, 0, 0, 0, 0, 0
26-Left_jpg.rf.bcca994a6048ad845d0df14f69cf9b6e.jpg, 0, 0, 0, 0, 1, 0
11-Right_jpg.rf.bc1aeb0b69ee004246a7dfec1ca9fa1e.jpg, 0, 0, 0, 0, 0, 1
7-Front_jpg.rf.ba8ebdced7ff890ffc167fe7d7b6dbeb.jpg, 0, 0, 0, 1, 0, 0
36-Front_jpg.rf.babc32f469fb116b859e2cc4c0deeb85.jpg, 0, 0, 1, 0, 0, 0
11-Top-Down_jpg.rf.b22caac8eef8f1caf26d008927baaf56.jpg, 0, 0, 0, 1, 0, 0
21-Back_jpg.rf.bf886a8d8a9497fc31e87f32d09a32bf.jpg, 0, 0, 0, 1, 0, 0
7-Left_jpg.rf.bead252bd97fafe831ba7a89995b157e.jpg, 0, 0, 1, 0, 0, 0
21-Front_jpg.rf.c04408f6162d5b40d3719c92032287cd.jpg, 0, 0, 1, 0, 0, 0
28-Right_jpg.rf.c1b47d9c9bec1150d70d02697ee3dfb7.jpg, 1, 0, 0, 0, 0, 0
22-Right_jpg.rf.bf588ab056d3d9525a593ffd34a1ed2e.jpg, 0, 0, 0, 0, 1, 0
4-Left_jpg.rf.c13c9f8a019daec5a9573bdffea5760e.jpg, 0, 0, 0, 0, 0, 1
15-Top-Down_jpg.rf.c0e29ff76f6214863a4825eb0ef3d91b.jpg, 0, 0, 0, 0, 0, 1
10-Right_jpg.rf.be9abbd5c2edf76a854d558235d196d6.jpg, 0, 0, 0, 0, 0, 1
5-Front_jpg.rf.c016e6bb390f6845cffe31d3e98e6373.jpg, 0, 0, 0, 0, 0, 1
13-Top-Down_jpg.rf.bf6fc0d9461a3c6bd0d9f21ec3ef6a6e.jpg, 1, 0, 0, 0, 0, 0
23-Front_jpg.rf.bd706ec24418791d10393fe79b3a3418.jpg, 0, 0, 0, 1, 0, 0
5-Right_jpg.rf.bd7b73a529c0c4a8cbe4ad0efb1af37d.jpg, 0, 0, 0, 0, 0, 1
7-Left_jpg.rf.bee481141cfe206b7cea66456291c38c.jpg, 0, 0, 0, 0, 0, 1
20-Left_jpg.rf.c266667c02667f5dc8df5b5d8c588955.jpg, 0, 0, 1, 0, 0, 0
2-Right_jpg.rf.bfcd9494207862a5d3d2971ecdc2e841.jpg, 0, 0, 0, 0, 1, 0
9-Back_jpg.rf.bf962c9d0774d1c9d5f9d68939faca00.jpg, 1, 0, 0, 0, 0, 0
14-Top-Down_jpg.rf.bdf35c9b1c9183f46b7acd5818e05518.jpg, 0, 0, 0, 0, 1, 0
37-Top-Down_jpg.rf.bdfdefd0d1fb31c4b6e9d691003b9a53.jpg, 1, 0, 0, 0, 0, 0
25-Back_jpg.rf.c1eb7649adf3ed703564b1bb3a4ccc92.jpg, 0, 0, 0, 0, 1, 0
10-Back_jpg.rf.be32c3664eb2bebc489252efc2e7e3c5.jpg, 0, 0, 1, 0, 0, 0
25-Back_jpg.rf.bf3071e1dfea4790142aad55f7552b91.jpg, 0, 0, 0, 1, 0, 0
54-Back_jpg.rf.bf4ac496391e93b458b0bfae00b9399b.jpg, 0, 1, 0, 0, 0, 0
27-Front_jpg.rf.c321a238d45b5d3bd942ff357c65849c.jpg, 1, 0, 0, 0, 0, 0
15-Top-Down_jpg.rf.c293ff9b6a3af39a6a198980a4ed5575.jpg, 0, 0, 1, 0, 0, 0
27-Right_jpg.rf.c2b02ac61b88e587f3b215f25eba7f40.jpg, 0, 0, 0, 0, 1, 0
13-Left_jpg.rf.c2d91568a7cd0ad3af90b7cdce5d8533.jpg, 0, 0, 0, 0, 0, 1
37-Front_jpg.rf.be6c6307dccf013ed5712d638d31c838.jpg, 1, 0, 0, 0, 0, 0
13-Front_jpg.rf.c23f10afcaf9b6128529fe4833d3f3b6.jpg, 0, 0, 0, 1, 0, 0
21-Back_jpg.rf.c2e051e78d7505d5d9f8b180a982897c.jpg, 0, 0, 0, 0, 1, 0
37-Back_jpg.rf.c4156161180489a252bc2e04c7546b75.jpg, 1, 0, 0, 0, 0, 0
27-Top-Down_jpg.rf.c3c64b30117ff99b7b792c248cdf67d9.jpg, 0, 0, 0, 0, 1, 0
9-Front_jpg.rf.c3a0565dd9d3e201af21780706edd100.jpg, 0, 0, 0, 0, 0, 1
11-Left_jpg.rf.c382483c7b3710e4dd385ad45ee521c2.jpg, 0, 0, 0, 0, 1, 0
18-Top-Down_jpg.rf.c2e07846f7c7098c376f6761cef586bb.jpg, 0, 0, 1, 0, 0, 0
36-Left_jpg.rf.c494237d19e402978336fe3ba7f61788.jpg, 0, 0, 1, 0, 0, 0
31-Right_jpg.rf.c46ecfbfc35bf3de99a69c4659241fef.jpg, 1, 0, 0, 0, 0, 0
27-Top-Down_jpg.rf.c44cd739a21ee806b852774cfd37ba6e.jpg, 0, 0, 0, 1, 0, 0
14-Front_jpg.rf.c441edfa73c246c7bccae1baf2850535.jpg, 0, 0, 0, 0, 0, 1
18-Front_jpg.rf.c47efab13ea1e1f05a7e83bf91cd0ce2.jpg, 0, 0, 0, 1, 0, 0
25-Back_jpg.rf.c24b7d706084109cff584de92a903a04.jpg, 0, 0, 0, 1, 0, 0
1-Front_jpg.rf.c476ec8dfb0306a2effdf644ee2a9c63.jpg, 0, 0, 1, 0, 0, 0
21-Front_jpg.rf.c282f80080622ad060c30db16f3b1dd3.jpg, 0, 0, 1, 0, 0, 0
35-Front_jpg.rf.c5dd5c98ee6e1c3448717ca02d7f2b4a.jpg, 0, 0, 1, 0, 0, 0
48-Front_jpg.rf.c566173f3f2e8d8af5d3ce941c1bfce9.jpg, 0, 1, 0, 0, 0, 0
23-Front_jpg.rf.c2a76f785e4fa32a39b17653b3e77421.jpg, 0, 0, 0, 1, 0, 0
7-Front_jpg.rf.c5ad114fd44527874c3ae9e892650c40.jpg, 0, 0, 1, 0, 0, 0
23-Front_jpg.rf.c5097ec00a271018b0201fa4da225ba8.jpg, 0, 0, 0, 0, 1, 0
18-Right_jpg.rf.c654a0f45d6a30560fe582c866a0bea5.jpg, 0, 0, 0, 1, 0, 0
31-Top-Down_jpg.rf.c533595658f98295c7098b96d218e70b.jpg, 0, 0, 1, 0, 0, 0
2-Top-Down_jpg.rf.c6313434e1e267dd31b3c297a83c53a8.jpg, 0, 0, 0, 0, 0, 1
20-Front_jpg.rf.c6d8a5408d2bdd076fcdd46dae5824d8.jpg, 1, 0, 0, 0, 0, 0
38-Right_jpg.rf.c63b37acb0195cf03c4d7dd3d1fcfe48.jpg, 0, 1, 0, 0, 0, 0
31-Right_jpg.rf.c6646eb23f747aee9682a89878c5a44e.jpg, 0, 1, 0, 0, 0, 0
24-Top-Down_jpg.rf.c676a66fe836ddb93033aa91b0f1a334.jpg, 0, 0, 1, 0, 0, 0
14-Top-Down_jpg.rf.c63ea8fc6cf75e56ff6fc0d376ab9353.jpg, 0, 0, 0, 0, 1, 0
1-Right_jpg.rf.c658dcfa5bc77ed214008169b8848dd9.jpg, 1, 0, 0, 0, 0, 0
27-Back_jpg.rf.c4eef9b3ccb83bf8ab079f4935105dd2.jpg, 0, 0, 0, 1, 0, 0
35-Back_jpg.rf.c77cdedaedff0fe216688bd1954d8ae5.jpg, 1, 0, 0, 0, 0, 0
23-Back_jpg.rf.c73ce69d35bc24369df97e7c82d1a17c.jpg, 0, 0, 0, 0, 1, 0
3-Left_jpg.rf.c547f49a89a992a792a2bb27dc0983cd.jpg, 0, 0, 0, 0, 0, 1
11-Back_jpg.rf.c608eb4c0bab365c2aa3934b95382616.jpg, 0, 0, 0, 1, 0, 0
30-Top-Down_jpg.rf.c7791adb71dcfb10580b5c3e90a9c71f.jpg, 1, 0, 0, 0, 0, 0
5-Right_jpg.rf.ca0feb90acc74ef7b549a75fe2c5049a.jpg, 0, 0, 0, 0, 0, 1
50-Back_jpg.rf.cc03e3b4718e097de60d7fd10d26b0f0.jpg, 0, 1, 0, 0, 0, 0
12-Top-Down_jpg.rf.cb1cad8c310c7314475d39779c74f98d.jpg, 0, 0, 0, 0, 0, 1
29-Right_jpg.rf.c98f0c578762788cfe5a6881060e992e.jpg, 0, 1, 0, 0, 0, 0
38-Right_jpg.rf.c7fa2fb988b9e19ce59edf52567c6d42.jpg, 0, 1, 0, 0, 0, 0
17-Back_jpg.rf.c93c94b6dc557855c00725a3173fa779.jpg, 1, 0, 0, 0, 0, 0
33-Front_jpg.rf.c8a8d5ffb3f33cef861a4f284d7c3cce.jpg, 0, 1, 0, 0, 0, 0
19-Back_jpg.rf.cc2ab600d0d99271050852dbd06426f6.jpg, 0, 0, 0, 0, 1, 0
24-Left_jpg.rf.c94561035d11af24e27aa5cb9e50f365.jpg, 1, 0, 0, 0, 0, 0
28-Right_jpg.rf.caac3b1fd61a0f0a2c7df6cf22e54d26.jpg, 0, 0, 0, 0, 1, 0
28-Front_jpg.rf.cad245cd6a45140074b64b025e94df7d.jpg, 0, 0, 0, 0, 1, 0
18-Front_jpg.rf.ca665efdd6a87c4f5b620f3841ef76e9.jpg, 0, 0, 0, 0, 1, 0
50-Front_jpg.rf.c924980c875bda489177d4efb2c212b7.jpg, 0, 1, 0, 0, 0, 0
33-Right_jpg.rf.ca814aa52145d4273d597d58e4adeb93.jpg, 1, 0, 0, 0, 0, 0
16-Back_jpg.rf.cd092c60d0d20cc2acd31cc0d006242e.jpg, 0, 0, 0, 0, 0, 1
27-Top-Down_jpg.rf.cc58914497fe0c45cb0f82525bb2e743.jpg, 1, 0, 0, 0, 0, 0
30-Front_jpg.rf.cc2e6eadeed447ae3bd034f00d4b5ce8.jpg, 1, 0, 0, 0, 0, 0
13-Left_jpg.rf.cc083fe0544955d2112c830814f67974.jpg, 1, 0, 0, 0, 0, 0
6-Top-Down_jpg.rf.cc8ba969d0dc226ab084cd9799f38950.jpg, 0, 0, 0, 0, 0, 1
18-Back_jpg.rf.ccf7c6113e4019947d25102eec695af0.jpg, 0, 0, 0, 1, 0, 0
37-Right_jpg.rf.cbc6e3aa8b335460f5b752d047502e6c.jpg, 0, 1, 0, 0, 0, 0
40-Right_jpg.rf.c833da49dacc64793ee1a143bdfaf96a.jpg, 0, 1, 0, 0, 0, 0
30-Front_jpg.rf.ce14ff577987be5f3da0ea6dae8d8092.jpg, 1, 0, 0, 0, 0, 0
18-Front_jpg.rf.cd6c62caba8c321738cba208e03e82b4.jpg, 0, 0, 0, 1, 0, 0
14-Right_jpg.rf.cda24f44f91d5c5aeb381925c5f6ea30.jpg, 1, 0, 0, 0, 0, 0
29-Front_jpg.rf.cdb72a7cc5e6d7b6f0201bbcf5940599.jpg, 0, 0, 0, 0, 1, 0
16-Back_jpg.rf.cfc857bdc3d5820d0819c2e53ad64509.jpg, 0, 0, 0, 0, 1, 0
32-Back_jpg.rf.cfd6e691d291776a32732b6ec7c3729d.jpg, 1, 0, 0, 0, 0, 0
14-Back_jpg.rf.ce0b8164da963e54b12eaed52c490c5d.jpg, 0, 0, 0, 0, 1, 0
34-Left_jpg.rf.cefdad162d48ef24df181ac00f6a513f.jpg, 0, 1, 0, 0, 0, 0
19-Front_jpg.rf.d0158886b95a409b839a6ae88508e1c5.jpg, 0, 0, 0, 0, 1, 0
12-Top-Down_jpg.rf.cd117277782719fedfabe0847d23032d.jpg, 0, 0, 0, 1, 0, 0
11-Left_jpg.rf.d16ac0761c94274d3e31c743cf925618.jpg, 0, 0, 1, 0, 0, 0
11-Left_jpg.rf.cefae164dd118ed898e8e3350beb04c5.jpg, 0, 0, 0, 1, 0, 0
34-Right_jpg.rf.cead8fca535133ea7601792491751025.jpg, 0, 0, 1, 0, 0, 0
36-Front_jpg.rf.d28e2b9a6c59552a492b24bece073842.jpg, 1, 0, 0, 0, 0, 0
23-Top-Down_jpg.rf.ceff7d5c68ef4926a0f4ff6736a0e0f6.jpg, 0, 1, 0, 0, 0, 0
29-Back_jpg.rf.d2f01d6aec46981f73ef1a61417fa2fa.jpg, 0, 0, 1, 0, 0, 0
11-Front_jpg.rf.d02ddb8724fe690e233ac5a1167a0f38.jpg, 0, 0, 0, 1, 0, 0
21-Top-Down_jpg.rf.cfa87d4e3759ee9cd8424044b95803a4.jpg, 0, 0, 1, 0, 0, 0
1-Right_jpg.rf.d29814fa4012113171eb0fe8154b5036.jpg, 0, 0, 0, 0, 0, 1
2-Top-Down_jpg.rf.d185e53cde01b711394c3462855d1327.jpg, 0, 0, 0, 1, 0, 0
3-Right_jpg.rf.d09e01b4e028ba71e63fd5511ccbeb69.jpg, 0, 0, 1, 0, 0, 0
20-Left_jpg.rf.d0969204b2cbd789d3172ac2174d99a1.jpg, 0, 0, 0, 1, 0, 0
6-Back_jpg.rf.d1fcad9e00484d8f4e9bbf442ea5b0b8.jpg, 0, 0, 0, 0, 0, 1
2-Right_jpg.rf.d3c9cfbed0e01a14af5de1c0bd8f5a39.jpg, 0, 0, 0, 0, 1, 0
2-Left_jpg.rf.d229772439473309cd2bcb4be5b916cf.jpg, 1, 0, 0, 0, 0, 0
23-Back_jpg.rf.cf252206271836d00ec1ca40435dfb66.jpg, 0, 0, 0, 1, 0, 0
4-Back_jpg.rf.d350a911a4671c0d7b717ac3219a9b26.jpg, 0, 0, 0, 0, 0, 1
14-Left_jpg.rf.d326247a7df467fb9618dc284f6cd2b3.jpg, 1, 0, 0, 0, 0, 0
8-Front_jpg.rf.d4bb7f54a39a3b9f445e39d90b4ced20.jpg, 0, 0, 0, 1, 0, 0
24-Top-Down_jpg.rf.d5e524ead97cda39be85ae378c82435d.jpg, 0, 0, 1, 0, 0, 0
24-Front_jpg.rf.d3a8d12a21341460d2732635d3933d15.jpg, 0, 1, 0, 0, 0, 0
16-Right_jpg.rf.d44d9fc5ff08bccbebe900b21cf7c032.jpg, 0, 0, 0, 1, 0, 0
6-Left_jpg.rf.d4293801b46caf4c1307e2a60391070c.jpg, 0, 0, 0, 1, 0, 0
12-Left_jpg.rf.d5efe2433867e9032a39b0d97042e8de.jpg, 0, 1, 0, 0, 0, 0
38-Back_jpg.rf.d476a1c019647cbcc850184783e97fb3.jpg, 0, 0, 1, 0, 0, 0
17-Left_jpg.rf.d680b184a72189a2b8f2abc810f37626.jpg, 0, 0, 0, 0, 0, 1
31-Top-Down_jpg.rf.d623a9e34b1d2a22fb9d0e89d8553818.jpg, 0, 1, 0, 0, 0, 0
55-Left_jpg.rf.d70465e23c290dc239d100a981c23469.jpg, 0, 1, 0, 0, 0, 0
1-Right_jpg.rf.d5a8a6e7da8a375c0528b2247fe21d91.jpg, 0, 1, 0, 0, 0, 0
17-Left_jpg.rf.d3e45ae613def4aa070a023f176c92ee.jpg, 0, 1, 0, 0, 0, 0
1-Front_jpg.rf.d6021009a2d9d39c00ac8601caae0be4.jpg, 1, 0, 0, 0, 0, 0
19-Front_jpg.rf.d62721bc8a7dd0648619c462a4d6e9e1.jpg, 0, 0, 0, 0, 1, 0
12-Left_jpg.rf.d77d767119875a9dfc1fecfa62ea39d2.jpg, 0, 0, 1, 0, 0, 0
57-Right_jpg.rf.d8980404a0c65bf6e9ae6868de1f935b.jpg, 0, 1, 0, 0, 0, 0
11-Back_jpg.rf.d8b268475672029a9672bddacff31f14.jpg, 0, 0, 0, 0, 0, 1
17-Top-Down_jpg.rf.d6a03e8503b86ed95328c57e087d6532.jpg, 0, 1, 0, 0, 0, 0
14-Back_jpg.rf.d49a32b320992ab184a37f0f25e203ab.jpg, 0, 0, 0, 1, 0, 0
14-Left_jpg.rf.d6a9d365dd625d4cc2180f8e40dc07ba.jpg, 0, 0, 1, 0, 0, 0
51-Left_jpg.rf.d8bf26745e97dfa79354a5daee60c189.jpg, 0, 1, 0, 0, 0, 0
16-Front_jpg.rf.d8320d630df6c7a6cacc3018499b7e74.jpg, 0, 0, 1, 0, 0, 0
1-Left_jpg.rf.d9d1701de0c7d7da589bf60b33653f53.jpg, 0, 0, 0, 0, 0, 1
14-Left_jpg.rf.d9176e0549623fb83345aa34591b43ad.jpg, 0, 1, 0, 0, 0, 0
39-Left_jpg.rf.d8a78041d6141e16ecf47da5fbb955ad.jpg, 0, 0, 1, 0, 0, 0
39-Front_jpg.rf.d976bbfab987aca5232368cd1b731f2f.jpg, 0, 1, 0, 0, 0, 0
3-Top-Down_jpg.rf.d9483093da82f85ac228f9ac10e8bdb5.jpg, 0, 0, 0, 0, 0, 1
14-Left_jpg.rf.d5fe20381fce706805d5b8215faa2aaf.jpg, 1, 0, 0, 0, 0, 0
20-Front_jpg.rf.d91bf81c87544011d7ecc02e13f173d3.jpg, 0, 0, 0, 1, 0, 0
37-Back_jpg.rf.d841fce54e27e7a1d9c50e6999e22d3b.jpg, 0, 1, 0, 0, 0, 0
2-Right_jpg.rf.db5a820aa902127417fe65d930565b99.jpg, 0, 0, 0, 0, 0, 1
12-Left_jpg.rf.d9ddaeae73edf23c450aecfa0e0e71dc.jpg, 0, 0, 1, 0, 0, 0
18-Left_jpg.rf.dbb9a03064642e728da541233cf558bc.jpg, 0, 0, 0, 0, 1, 0
1-Front_jpg.rf.da860f20f772ff179fd68169f8e38c87.jpg, 0, 0, 0, 0, 1, 0
18-Front_jpg.rf.dabc114a55a2054a1757784207b62686.jpg, 0, 0, 0, 1, 0, 0
2-Back_jpg.rf.d8b787fbb2bfb9402b1a8cc90843b14d.jpg, 0, 0, 0, 1, 0, 0
36-Front_jpg.rf.d79072734241805dfd5beb4b96a37f3f.jpg, 1, 0, 0, 0, 0, 0
27-Top-Down_jpg.rf.da3a09c65ed38e242349c63b474f9c6b.jpg, 0, 0, 0, 1, 0, 0
33-Front_jpg.rf.dd22dd952f16fc7c9224eeb484aadb5e.jpg, 1, 0, 0, 0, 0, 0
12-Front_jpg.rf.dbc926691b1ef247f3714e880d95d40f.jpg, 0, 0, 1, 0, 0, 0
16-Top-Down_jpg.rf.dc4907f4f46c2783ef5555a217eaa492.jpg, 0, 0, 0, 0, 1, 0
20-Back_jpg.rf.d90115774f046822f030017c0aedff5f.jpg, 0, 0, 0, 1, 0, 0
36-Left_jpg.rf.db049835d5906fb29ad8ce58ea73519e.jpg, 1, 0, 0, 0, 0, 0
16-Left_jpg.rf.de55260c71418c26b6bb61b593482863.jpg, 0, 0, 0, 1, 0, 0
16-Left_jpg.rf.dd831964997132d170ebd3ec50d8cad2.jpg, 0, 0, 1, 0, 0, 0
17-Left_jpg.rf.de4579f6f76f91f6dfcb1bd03bd7a3d3.jpg, 1, 0, 0, 0, 0, 0
7-Front_jpg.rf.dc70178ce864d4b35fd37b5046575a48.jpg, 0, 0, 0, 0, 0, 1
1-Right_jpg.rf.df23ec313d1eee302f59a497162a17b4.jpg, 0, 0, 0, 0, 0, 1
25-Back_jpg.rf.dfe595411abe1f302a1e956193d8ce62.jpg, 0, 0, 0, 0, 1, 0
2-Right_jpg.rf.de470d35f7c4c402a7cb8d3607c16772.jpg, 1, 0, 0, 0, 0, 0
27-Front_jpg.rf.e063b8cbc7885566abb1d996f6b2fe88.jpg, 0, 0, 0, 0, 1, 0
27-Top-Down_jpg.rf.df5fb48db07e838a89b48aeb99612021.jpg, 0, 0, 1, 0, 0, 0
16-Back_jpg.rf.df7743e189a3c86abb184d91f2df57ca.jpg, 0, 0, 0, 0, 0, 1
1-Left_jpg.rf.dea1f0c9577bbb40ec95685646367c60.jpg, 0, 0, 0, 0, 0, 1
24-Front_jpg.rf.da044ef86af5a9735ec59715c8e89806.jpg, 1, 0, 0, 0, 0, 0
26-Back_jpg.rf.dd3491d7a149670d3bc4917a8b0b7cc6.jpg, 0, 0, 0, 0, 1, 0
33-Left_jpg.rf.ddd6ca8bbdb692635fcfcc1bf5414c2b.jpg, 0, 1, 0, 0, 0, 0
2-Top-Down_jpg.rf.e0531e28e71a3dbffc16b37fadca944a.jpg, 0, 1, 0, 0, 0, 0
4-Top-Down_jpg.rf.e0249f97f22572ea0f75bca7ee614f12.jpg, 0, 0, 0, 0, 1, 0
8-Front_jpg.rf.e053f49208261230370d92b8ece9ee99.jpg, 0, 0, 0, 0, 0, 1
31-Top-Down_jpg.rf.ddc8b456c3eb259da7a233625278cb98.jpg, 0, 0, 1, 0, 0, 0
21-Top-Down_jpg.rf.decbcd91e21d3ba0a57a7a1ff38d34ee.jpg, 0, 0, 1, 0, 0, 0
48-Top-Down_jpg.rf.e0931d68a966e5bf2f198f42743f548c.jpg, 0, 1, 0, 0, 0, 0
11-Front_jpg.rf.e022305f5279fd7c5ef595ed46abbf6f.jpg, 0, 0, 1, 0, 0, 0
11-Front_jpg.rf.d8c16d78e17ab6a27ba414bba401ab73.jpg, 0, 0, 0, 1, 0, 0
23-Top-Down_jpg.rf.e1550608fd9f761e83fe1c9318fc8b85.jpg, 0, 0, 0, 1, 0, 0
18-Top-Down_jpg.rf.e1ff49335311c03cf37ec7cb3428b637.jpg, 0, 0, 0, 1, 0, 0
1-Back_jpg.rf.e2735848ee150561963caccbbc2be0cb.jpg, 0, 0, 0, 1, 0, 0
2-Right_jpg.rf.e2ddd6ade5221237028c8cbe2a0848d8.jpg, 1, 0, 0, 0, 0, 0
1-Right_jpg.rf.e0755fa62e781b295317cc3382538d8e.jpg, 0, 0, 0, 1, 0, 0
4-Left_jpg.rf.e1a96321b58a9012e825479bbed02c74.jpg, 0, 0, 0, 0, 1, 0
16-Front_jpg.rf.e203926529e971e9a3c2b6aa3315d9d3.jpg, 0, 0, 0, 0, 1, 0
17-Back_jpg.rf.e490725aed47b2db8b0488760007ecaf.jpg, 0, 0, 0, 1, 0, 0
6-Left_jpg.rf.e3690d690c5b0eb62497ee77cdb01dd7.jpg, 0, 0, 0, 0, 0, 1
57-Front_jpg.rf.e3f9ec778a56f06a7828726f59954102.jpg, 0, 1, 0, 0, 0, 0
36-Right_jpg.rf.e49e5c3dda65686cb2d966d9997b0ab6.jpg, 1, 0, 0, 0, 0, 0
23-Back_jpg.rf.e18d04f124a8a11709f0971af495c91d.jpg, 0, 0, 1, 0, 0, 0
2-Right_jpg.rf.e392dda27e5941857cebaa4143433f86.jpg, 0, 1, 0, 0, 0, 0
36-Back_jpg.rf.e4df639de90ba5c0f9efe532965b9223.jpg, 1, 0, 0, 0, 0, 0
3-Right_jpg.rf.e3b124b68cb298a1dde35e5ec93adf3f.jpg, 0, 0, 1, 0, 0, 0
13-Left_jpg.rf.e3da3de498cfd2549b40c27dfe159a3b.jpg, 0, 0, 0, 1, 0, 0
33-Top-Down_jpg.rf.e29555aa182c5f7a83285582cf44f2f8.jpg, 1, 0, 0, 0, 0, 0
48-Right_jpg.rf.e47d414ab4ae7d913c83ec83ee7aa11d.jpg, 0, 1, 0, 0, 0, 0
29-Top-Down_jpg.rf.e5bac79d0e26c4c527a528313f70d8f8.jpg, 0, 0, 0, 0, 1, 0
31-Left_jpg.rf.e1654d5ce3f0bdf11e41010f83767c91.jpg, 0, 0, 1, 0, 0, 0
8-Left_jpg.rf.e583877d3de9bc6d44c4a348d5f26cb2.jpg, 0, 0, 0, 1, 0, 0
14-Left_jpg.rf.e0bf2938ceb59dd13a99cf9a1556a39c.jpg, 1, 0, 0, 0, 0, 0
22-Back_jpg.rf.e57b7c10d08dfc0c002878d507333a11.jpg, 0, 0, 0, 0, 1, 0
34-Right_jpg.rf.e5a286aaa952dc9400d3637bbe3faad6.jpg, 0, 1, 0, 0, 0, 0
5-Top-Down_jpg.rf.e5e91c47a02c99fddca816a3af28c536.jpg, 0, 0, 0, 0, 1, 0
35-Front_jpg.rf.e629bd423d9a493f8205cd83ec4991c0.jpg, 0, 0, 1, 0, 0, 0
24-Left_jpg.rf.e1cd90db66d0aae922c31187865e1278.jpg, 0, 1, 0, 0, 0, 0
16-Right_jpg.rf.e54a6d3309c0a0412e9b75736dc722d9.jpg, 0, 0, 0, 1, 0, 0
19-Right_jpg.rf.e5ec107f841f544906a7d72145a1092b.jpg, 0, 0, 0, 0, 1, 0
38-Top-Down_jpg.rf.e5669211e4cbe940530c3fa6b1fcadf1.jpg, 0, 0, 1, 0, 0, 0
37-Right_jpg.rf.e6cdec8473e8bab141fcf0d552088f63.jpg, 1, 0, 0, 0, 0, 0
17-Top-Down_jpg.rf.e6a94a059801c9d6ea52b95c56a838a7.jpg, 0, 0, 0, 1, 0, 0
28-Left_jpg.rf.e672f286d82128ddbcb04d37fd383f62.jpg, 0, 0, 0, 0, 1, 0
37-Right_jpg.rf.e6f05206a8f0ef9fed95ea7cce569bf8.jpg, 0, 0, 1, 0, 0, 0
16-Back_jpg.rf.e616caf0eaf21d0a84f1db55f2a04121.jpg, 0, 0, 1, 0, 0, 0
36-Back_jpg.rf.e7080d36745ccb095aa3422b71d60b9f.jpg, 1, 0, 0, 0, 0, 0
37-Right_jpg.rf.e669ee20834f0d1710e55171411f0a22.jpg, 0, 1, 0, 0, 0, 0
23-Front_jpg.rf.e5fddaed98fe4c33870dc88e0164e703.jpg, 0, 0, 1, 0, 0, 0
27-Top-Down_jpg.rf.e5d800dc4aa8de5d7f6344daa60ed65f.jpg, 1, 0, 0, 0, 0, 0
37-Right_jpg.rf.e5f317be4b78309e9e2ad0ffc34a2795.jpg, 0, 0, 1, 0, 0, 0
21-Left_jpg.rf.e7e6aaeb17168f00bf4860df316c9f13.jpg, 0, 0, 0, 0, 1, 0
20-Back_jpg.rf.e78557ff0ea00b40fabcce7944ae571a.jpg, 1, 0, 0, 0, 0, 0
15-Back_jpg.rf.e701709432cf51864ea66ff79fdb0d71.jpg, 0, 0, 0, 0, 1, 0
34-Left_jpg.rf.e7af905a1f206721cf95a2902db6d552.jpg, 0, 0, 1, 0, 0, 0
7-Back_jpg.rf.e63fafcfb0ec70eb70da682c7f9cbd82.jpg, 0, 0, 0, 0, 0, 1
31Front_jpg.rf.e8ae057265e2f79f5a5f72cef005d5a7.jpg, 1, 0, 0, 0, 0, 0
24-Front_jpg.rf.e8d7da332401c24db5bb0385b1635ee6.jpg, 0, 0, 0, 1, 0, 0
32-Front_jpg.rf.e82c11e774afdffdce7e5bd30e08f97e.jpg, 1, 0, 0, 0, 0, 0
6-Front_jpg.rf.e8e13fa1583e08a4a87c3ca3dfd7304a.jpg, 0, 0, 0, 0, 0, 1
12-Front_jpg.rf.e8312b964e9422f0d846ff17e5d2e673.jpg, 0, 0, 1, 0, 0, 0
37-Top-Down_jpg.rf.e9755b01b0c4568b9826536e8705da18.jpg, 0, 0, 1, 0, 0, 0
9-Back_jpg.rf.e985e180189deeccf906a94ab0faf516.jpg, 0, 0, 0, 0, 0, 1
33-Back_jpg.rf.e71c28b70d230e225c829e0c01cbe3be.jpg, 0, 1, 0, 0, 0, 0
5-Front_jpg.rf.e8199e54507551ff65d05df0d737bf79.jpg, 0, 0, 0, 0, 0, 1
48-Right_jpg.rf.eba713363a34e832b9f36348e8a6017a.jpg, 0, 1, 0, 0, 0, 0
37-Left_jpg.rf.eaf388a7e1ee9996f3e1033772e62468.jpg, 0, 0, 1, 0, 0, 0
6-Top-Down_jpg.rf.e9d30596b874deea96361e5354134f72.jpg, 1, 0, 0, 0, 0, 0
11-Top-Down_jpg.rf.e8e41d7b9764ffae66b4820d0b2c4d47.jpg, 0, 0, 0, 0, 0, 1
30-Top-Down_jpg.rf.ec01dd2e9d5d347f8bf15a8cd7bc5112.jpg, 0, 0, 0, 0, 1, 0
16-Left_jpg.rf.ec69068c36373a1201e010ea6b28e11d.jpg, 0, 0, 1, 0, 0, 0
21-Left_jpg.rf.eb5d69b461b1f62c86cd1206309507da.jpg, 0, 0, 0, 0, 1, 0
4-Front_jpg.rf.e9742f1ed22af92979e203bfe371cc55.jpg, 0, 0, 0, 0, 1, 0
34-Front_jpg.rf.ec22868bf798fffa66d6768d943341d5.jpg, 0, 0, 1, 0, 0, 0
51-Back_jpg.rf.ea84088704aadafa71dacda7380f6fd4.jpg, 0, 1, 0, 0, 0, 0
19-Left_jpg.rf.eb11e4ce2c09930d7d026b6002b645cd.jpg, 1, 0, 0, 0, 0, 0
20-Left_jpg.rf.e93664a9e182b7b631ce469eeb3ae140.jpg, 0, 0, 0, 0, 1, 0
25-Front_jpg.rf.ecbb5b4bdb1dfec29d7b04ec4a375b28.jpg, 0, 0, 0, 0, 1, 0
37-Right_jpg.rf.e7007d4e153a3f297fa6a1589f1a2171.jpg, 1, 0, 0, 0, 0, 0
19-Front_jpg.rf.ece208756602b40a2d7bda69e083bf7d.jpg, 1, 0, 0, 0, 0, 0
9-Back_jpg.rf.ecad37d3d3f1de8105f02553d635a7c5.jpg, 0, 0, 0, 0, 0, 1
35-Top-Down_jpg.rf.ebaceaf90dfa647c2f4925af1033484d.jpg, 0, 0, 1, 0, 0, 0
24-Front_jpg.rf.eb4ab458864611b53345b96da049dde5.jpg, 0, 0, 0, 1, 0, 0
15-Right_jpg.rf.ec1b2992d1d1b60e25ae1ba5aee8c5d6.jpg, 0, 0, 0, 0, 0, 1
37-Top-Down_jpg.rf.285af883247c0a17bd279b253ccd8fff.jpg, 1, 0, 0, 0, 0, 0
17-Top-Down_jpg.rf.258d1ff371be404d07513e771259fda5.jpg, 1, 0, 0, 0, 0, 0
2-Top-Down_jpg.rf.28c009c1011f7ddb0b6eee2c99842acd.jpg, 1, 0, 0, 0, 0, 0
25-Left_jpg.rf.25c58d045e6d06be98f4d8586ce8d02e.jpg, 0, 0, 0, 0, 1, 0
15-Right_jpg.rf.2907b6d91171e9246720be4a503ba2ca.jpg, 0, 0, 0, 0, 1, 0
12-Top-Down_jpg.rf.286139fa724889a1bc181ac2d4ab3682.jpg, 0, 0, 0, 1, 0, 0
23-Front_jpg.rf.26c2b0bbbe677d995682ece15a8a9b3a.jpg, 0, 0, 0, 0, 1, 0
18-Left_jpg.rf.2552500e4daf108327746e850a1ad0fd.jpg, 1, 0, 0, 0, 0, 0
21-Top-Down_jpg.rf.28da1ab775c0e59eaa578e63a6e25f8a.jpg, 0, 0, 1, 0, 0, 0
22-Front_jpg.rf.2678d6c928ab928a789c088bd0028387.jpg, 0, 0, 0, 1, 0, 0
20-Back_jpg.rf.28a9265b51cfbcb9368ce1f1881aec4b.jpg, 0, 0, 1, 0, 0, 0
15-Back_jpg.rf.269863d91ab0d08fa8ab90572afb9ec2.jpg, 0, 0, 0, 0, 1, 0
23-Right_jpg.rf.28a149988eb735ba34b5d42da3c52dca.jpg, 0, 0, 0, 1, 0, 0
29-Left_jpg.rf.2526c5d68eae3d89fe1dc6b9525dcc13.jpg, 0, 1, 0, 0, 0, 0
36-Front_jpg.rf.2932f283a61d450dce275fe28a7d7a0d.jpg, 0, 1, 0, 0, 0, 0
30-Right_jpg.rf.260adc13ee7b8bbbdebb8d581dbce53d.jpg, 0, 0, 1, 0, 0, 0
24-Right_jpg.rf.286307886fd1acb24d0ef35c10d2f450.jpg, 0, 0, 1, 0, 0, 0
23-Back_jpg.rf.28249e8aa25d49071b449427b84dc208.jpg, 0, 0, 0, 1, 0, 0
1-Top-Down_jpg.rf.281bc7867c112b73a3b13f152b3232ae.jpg, 0, 0, 0, 0, 0, 1
27-Back_jpg.rf.28002b8f9f28d90913dc66f16b4cb304.jpg, 0, 0, 1, 0, 0, 0
37-Front_jpg.rf.26d3fe5cca5430821cf188108a1a2080.jpg, 0, 1, 0, 0, 0, 0
6-Front_jpg.rf.29a1af3d04c03e283f5c31d7cc237140.jpg, 0, 1, 0, 0, 0, 0
12-Right_jpg.rf.29c9da5ae231e0bc7010d16409bc271a.jpg, 0, 0, 0, 1, 0, 0
30-Right_jpg.rf.2967faf762fabb863b8761ad4a4d0ebb.jpg, 1, 0, 0, 0, 0, 0
3-Top-Down_jpg.rf.27cead65ee5026d38f23447d3a2c25fb.jpg, 1, 0, 0, 0, 0, 0
23-Right_jpg.rf.283ded1b6ab71f4ad97d9bc159478a5d.jpg, 0, 1, 0, 0, 0, 0
31-Back_jpg.rf.258f4d9b935f9b2526be1a113d03799b.jpg, 0, 0, 1, 0, 0, 0
22-Top-Down_jpg.rf.2aa5258fd836448ee45a8a80290dbe24.jpg, 0, 0, 0, 0, 1, 0
6-Front_jpg.rf.2a1b7d942717dbd02521028b80724ee3.jpg, 0, 1, 0, 0, 0, 0
7-Top-Down_jpg.rf.29955d6007f18f0770d99089e46b0d57.jpg, 0, 0, 1, 0, 0, 0
26-Back_jpg.rf.2a504cd4ccc9d1eda79d8b603d92d82f.jpg, 0, 0, 0, 1, 0, 0
30-Left_jpg.rf.276ea23afaf2e4a5900bae6d4c2b8b29.jpg, 0, 0, 0, 0, 1, 0
34-Top-Down_jpg.rf.2c287f6cd7bdce2f487841c926644285.jpg, 0, 1, 0, 0, 0, 0
33-Front_jpg.rf.2b3fd4482f8606599348f922d4e3c1d4.jpg, 1, 0, 0, 0, 0, 0
19-Left_jpg.rf.2c189c413cd345273cf900dd1496ba91.jpg, 1, 0, 0, 0, 0, 0
51-Left_jpg.rf.2c126dad1ad0028c481d1bb70d447626.jpg, 0, 1, 0, 0, 0, 0
24-Left_jpg.rf.2c5d16c4adcadecd93853d848ecd34d9.jpg, 0, 1, 0, 0, 0, 0
27-Top-Down_jpg.rf.2c9eaf78d7f7e7d113b640489d9e3b0a.jpg, 0, 0, 0, 0, 1, 0
13-Top-Down_jpg.rf.2abadcbdc17302674be5d16761e3124a.jpg, 0, 0, 0, 0, 1, 0
55-Left_jpg.rf.2cad9ce16d419a8869d2ba2d8e30ca1e.jpg, 0, 1, 0, 0, 0, 0
18-Back_jpg.rf.2c699463a9fd8cb4d893b6e1b29eb6e8.jpg, 0, 0, 0, 1, 0, 0
16-Back_jpg.rf.2c85d4882a6fa08cbd99ce41dd0e3db7.jpg, 0, 0, 1, 0, 0, 0
16-Back_jpg.rf.2cf83fa74fbc35d9fa4c1b4fe03383b3.jpg, 0, 0, 0, 1, 0, 0
29-Top-Down_jpg.rf.2cecb66fbe36a0d333d78cbaf4e24e76.jpg, 0, 0, 0, 0, 1, 0
5-Right_jpg.rf.2d57566c9345043c854662bcfcb2a2d5.jpg, 0, 0, 0, 0, 1, 0
9-Top-Down_jpg.rf.2bc4ea365aa5a64aad54c5b1e2749165.jpg, 1, 0, 0, 0, 0, 0
27-Left_jpg.rf.2cb2bc3e12d7c529e0bdd18cdf66b9cb.jpg, 1, 0, 0, 0, 0, 0
16-Back_jpg.rf.2d0f5be0732f1778d9d9e844f5b7a12f.jpg, 0, 0, 0, 0, 1, 0
12-Left_jpg.rf.2cffc3694aa777efb6dcb33dde77d2dd.jpg, 0, 0, 0, 1, 0, 0
8-Front_jpg.rf.2de801d69a9f907a76181519b855ae72.jpg, 0, 0, 0, 0, 0, 1
1-Right_jpg.rf.314eb4df560185f867d73262a4a45b7a.jpg, 0, 0, 0, 1, 0, 0
12-Right_jpg.rf.30d6bb003cff3de3e37257f6b6b602ad.jpg, 0, 0, 0, 0, 0, 1
23-Right_jpg.rf.2d701114bf9becb7b7e39b87011ae209.jpg, 0, 0, 0, 1, 0, 0
19-Top-Down_jpg.rf.2d080ee72e6cfaf9da7fe2652ba2f62a.jpg, 1, 0, 0, 0, 0, 0
1-Left_jpg.rf.315a24e69cb45783cb6d524aee983914.jpg, 0, 0, 0, 1, 0, 0
35-Top-Down_jpg.rf.2d73d9f900ddaae9d4a4caac00f3c2c5.jpg, 1, 0, 0, 0, 0, 0
5-Front_jpg.rf.2e974e2b0b928dd60bf4be274d64e4da.jpg, 0, 0, 0, 0, 1, 0
38-Left_jpg.rf.30b51be15afddefb4ba8214f703221f9.jpg, 0, 1, 0, 0, 0, 0
18-Left_jpg.rf.31f8008ac071b661a760584965a1874f.jpg, 0, 0, 1, 0, 0, 0
37-Back_jpg.rf.300153b3010c85517e4ab63c74ee7c88.jpg, 1, 0, 0, 0, 0, 0
23-Left_jpg.rf.2f31cdae438f72850d99943d789c94f9.jpg, 1, 0, 0, 0, 0, 0
11-Back_jpg.rf.2e009176b38dcfdb515190bf1d50336e.jpg, 0, 0, 1, 0, 0, 0
6-Right_jpg.rf.2e5b9dee31175f0d2e339acb9ee41854.jpg, 0, 0, 0, 0, 0, 1
25-Front_jpg.rf.32547ffd2a4efb251f17079a86176834.jpg, 0, 0, 0, 1, 0, 0
5-Back_jpg.rf.31f137295f3102304d154614e8bcdf9c.jpg, 0, 0, 0, 0, 1, 0
4-Front_jpg.rf.2f0ed887a4a677b9d41a4d41d85866cb.jpg, 0, 0, 0, 0, 1, 0
3-Top-Down_jpg.rf.31ecd2f432013cdbdfdbeffedb4ad429.jpg, 1, 0, 0, 0, 0, 0
27-Left_jpg.rf.3427d21c66aa155d2611c0579113fbdc.jpg, 0, 0, 0, 1, 0, 0
21-Front_jpg.rf.325adbbb2d2e68d02be9ec6ac8e6f6d3.jpg, 0, 0, 0, 1, 0, 0
36-Top-Down_jpg.rf.322ed8f05f569a69134ff860881bdd79.jpg, 0, 0, 1, 0, 0, 0
37-Top-Down_jpg.rf.346918c3ece6375861aaf32c851ba4d7.jpg, 0, 0, 1, 0, 0, 0
28-Back_jpg.rf.348e9c207079c9de2c353b2a846dffed.jpg, 1, 0, 0, 0, 0, 0
29-Top-Down_jpg.rf.329082d3feed18f856a383a7af823713.jpg, 0, 1, 0, 0, 0, 0
4-Right_jpg.rf.33f447b1d5c187830e1ec61616bb75ac.jpg, 0, 0, 0, 0, 1, 0
36-Front_jpg.rf.31f4fd4c88fe0f504cdeabcbe7abc336.jpg, 0, 0, 1, 0, 0, 0
10-Left_jpg.rf.33c435c06231fbdb5557e6ffce36c609.jpg, 0, 0, 0, 1, 0, 0
16-Right_jpg.rf.34f19df2524f979a012105b957f5c50b.jpg, 0, 0, 1, 0, 0, 0
4-Top-Down_jpg.rf.34a9e2c9806fbfb44a492044dd4eaba7.jpg, 0, 1, 0, 0, 0, 0
27-Top-Down_jpg.rf.34b7e77c7fdcd46e4648bc1a666b4261.jpg, 0, 0, 0, 1, 0, 0
17-Front_jpg.rf.326702bc078365023f186a6e9361c8da.jpg, 0, 0, 0, 0, 0, 1
5-Front_jpg.rf.32ab0a5a985d0a214c5e7b971e687b32.jpg, 0, 0, 0, 0, 1, 0
15-Back_jpg.rf.34c18c5a79dc3eaa6c5bf3036dedcb5c.jpg, 0, 0, 1, 0, 0, 0
39-Front_jpg.rf.3505f3501b663b7980548f59ffc6d230.jpg, 0, 0, 1, 0, 0, 0
18-Left_jpg.rf.3620150b708e7646287fb771889fef6c.jpg, 0, 0, 0, 0, 1, 0
14-Back_jpg.rf.31dee8538bb03206b332831609d44ae7.jpg, 0, 0, 0, 0, 1, 0
1-Right_jpg.rf.35f7cb4f1cde3576c27bc5a2f824c0ca.jpg, 0, 0, 0, 0, 0, 1
4-Right_jpg.rf.35fbaf95a94f287329745fea617e0f14.jpg, 0, 0, 0, 0, 0, 1
17-Back_jpg.rf.36a8832b034b4b67302f082140d2c1e8.jpg, 1, 0, 0, 0, 0, 0
7-Back_jpg.rf.356590f2b1377ad741ea4f0a78bbb563.jpg, 0, 0, 1, 0, 0, 0
3-Left_jpg.rf.380ca2f7c1a2cba26e0626b289b9e33a.jpg, 0, 0, 1, 0, 0, 0
20-Right_jpg.rf.35cbec5c06921a01832c33a08dce677e.jpg, 1, 0, 0, 0, 0, 0
50-Front_jpg.rf.373eea11b03805937fdba9120e7edb25.jpg, 0, 1, 0, 0, 0, 0
35-Right_jpg.rf.37226fb05b94bbb6f37268781b93bc7b.jpg, 0, 0, 1, 0, 0, 0
6-Left_jpg.rf.37c0ed89ed667442c1c785c6017d439a.jpg, 0, 0, 0, 0, 0, 1
54-Front_jpg.rf.38e8c786ee2ea749aabff405968289ed.jpg, 0, 1, 0, 0, 0, 0
38-Right_jpg.rf.37c344004fe97fd82b517e7d5457b3c3.jpg, 0, 0, 1, 0, 0, 0
19-Left_jpg.rf.3661caecf437aae80ceb62ccd08b8786.jpg, 0, 0, 0, 0, 1, 0
28-Right_jpg.rf.37f0e3519346148e0289ceb85145c752.jpg, 0, 0, 0, 0, 1, 0
37-Back_jpg.rf.35e6e8bfaae40dc8c67e21874e1f2c0b.jpg, 1, 0, 0, 0, 0, 0
38-Right_jpg.rf.37a352314e34907bdab029afc1a3ad2c.jpg, 0, 0, 1, 0, 0, 0
14-Back_jpg.rf.38e22324934c6cfb49b4020b4acbecb2.jpg, 0, 1, 0, 0, 0, 0
14-Back_jpg.rf.378c7057aaf124258c9e6a7130f8d4cc.jpg, 0, 0, 0, 0, 0, 1
11-Left_jpg.rf.3a379b09e906ba50e8c2933b862ac127.jpg, 0, 0, 0, 1, 0, 0
24-Left_jpg.rf.378456ac1df2933ee27daf8537363261.jpg, 0, 0, 1, 0, 0, 0
3-Right_jpg.rf.37e51498dbaf26e522e3db45a65de326.jpg, 1, 0, 0, 0, 0, 0
14-Right_jpg.rf.394892f40cabc32aa8549cfe8e6958d6.jpg, 0, 0, 1, 0, 0, 0
54-Back_jpg.rf.396357bd35a6737c46364d53d468aac5.jpg, 0, 1, 0, 0, 0, 0
14-Front_jpg.rf.38a033931990f8f9fcca9db0357a8b28.jpg, 0, 0, 1, 0, 0, 0
7-Top-Down_jpg.rf.39dae8662566da81746dec3e50cad236.jpg, 0, 0, 0, 1, 0, 0
21-Front_jpg.rf.39ecd2eb5c8bc1a12ff34f52e8a4b773.jpg, 0, 0, 0, 1, 0, 0
50-Left_jpg.rf.3a754696c9285c0cfefde0be21154ee3.jpg, 0, 1, 0, 0, 0, 0
54-Back_jpg.rf.3990575f64b665b481326d9b6068663d.jpg, 0, 1, 0, 0, 0, 0
26-Back_jpg.rf.3ada853d2fc9662910577f7b48df21a9.jpg, 0, 0, 0, 0, 1, 0
22-Left_jpg.rf.39fccd07fb8e74b8131419c1ec8fda9e.jpg, 1, 0, 0, 0, 0, 0
36-Right_jpg.rf.3b39283dcf4e1bb37486a0727b216b8e.jpg, 0, 0, 1, 0, 0, 0
33-Back_jpg.rf.3bc6b76174cec707ec7885294db4ecc3.jpg, 1, 0, 0, 0, 0, 0
4-Right_jpg.rf.37c016243d59d7479e784c3c93eb3fb5.jpg, 0, 0, 0, 0, 0, 1
27-Top-Down_jpg.rf.3ca3de7f8a86e7da9213dfc2b66e943d.jpg, 0, 0, 0, 0, 1, 0
37-Back_jpg.rf.3bb2646c22fc5be49ef827e7db49ccb1.jpg, 0, 0, 1, 0, 0, 0
1-Left_jpg.rf.3bf9a9cecefab482a15e602953d87d4d.jpg, 0, 1, 0, 0, 0, 0
5-Top-Down_jpg.rf.3b28ed7d19e8bd0fb2c0af4e9ab63b3e.jpg, 0, 0, 0, 0, 0, 1
9-Top-Down_jpg.rf.3a81c19f4391ef26fc23e326da849311.jpg, 1, 0, 0, 0, 0, 0
19-Left_jpg.rf.3d9b8e2751b8133bc4076e55125d123b.jpg, 0, 0, 0, 0, 1, 0
24-Left_jpg.rf.3c1a123b425f9baed8a0fa06a5e1222e.jpg, 1, 0, 0, 0, 0, 0
48-Left_jpg.rf.3d63b2a3f52d0fb04d121057b90a5a63.jpg, 0, 1, 0, 0, 0, 0
2-Top-Down_jpg.rf.3c3abf8c15f223dad3d8a72a357cc8c0.jpg, 0, 0, 0, 1, 0, 0
11-Right_jpg.rf.3f19c8b5fb1976c8fe6872fb7afbdf1c.jpg, 0, 0, 0, 1, 0, 0
14-Right_jpg.rf.3d8f4cde85feb49c8b04f3021451cccf.jpg, 0, 0, 0, 0, 0, 1
36-Right_jpg.rf.3e7424353a4250e31d68d8ce6fe5e626.jpg, 0, 0, 1, 0, 0, 0
30-Left_jpg.rf.3cdb5231d97308153ccd34c684a29f07.jpg, 0, 0, 1, 0, 0, 0
18-Front_jpg.rf.3db1e393af8636327af0f58ebed5e2f1.jpg, 1, 0, 0, 0, 0, 0
31-Right_jpg.rf.3cadf0f9e8e0c0e3fb078d833cf510c1.jpg, 0, 0, 1, 0, 0, 0
31-Back_jpg.rf.3fa3f09f34b7f49ba1410a8aca4d185d.jpg, 0, 1, 0, 0, 0, 0
27-Back_jpg.rf.400443f9b9fa455fe45de18f822e938e.jpg, 0, 0, 1, 0, 0, 0
17-Left_jpg.rf.3c2206012d3b8a8033634148efb1ada7.jpg, 0, 1, 0, 0, 0, 0
27-Front_jpg.rf.3f524fe5b5360bec9138cc7d7fad8c96.jpg, 0, 0, 0, 1, 0, 0
17-Top-Down_jpg.rf.3f93c7d3294cebd66c7c1b68546f6dbe.jpg, 0, 0, 0, 1, 0, 0
14-Left_jpg.rf.40e29c5fd25998df3531391ea9b73924.jpg, 0, 0, 1, 0, 0, 0
13-Front_jpg.rf.41c60d3e95fc807c0bf6c68af4b71eac.jpg, 1, 0, 0, 0, 0, 0
2-Front_jpg.rf.40a9ab0f43f3a79b62d01c1f9342f766.jpg, 0, 0, 0, 0, 0, 1
20-Back_jpg.rf.400704a68e192b74ce35bf839712e81b.jpg, 1, 0, 0, 0, 0, 0
20-Front_jpg.rf.3fc0c6efc08f55edb8d2db8b513e8b11.jpg, 0, 0, 1, 0, 0, 0
38-Top-Down_jpg.rf.40efc4a6a467c37cc27ca3cb827eb4b5.jpg, 0, 0, 1, 0, 0, 0
15-Top-Down_jpg.rf.41c9e45ad40a691b0d330a10eb900908.jpg, 0, 0, 0, 0, 0, 1
15-Right_jpg.rf.4240635aef686c8f9bb1cd4fc4f96471.jpg, 0, 0, 0, 0, 1, 0
21-Right_jpg.rf.402e222c1458b3ffdf78e291ec0001f3.jpg, 0, 0, 0, 1, 0, 0
29-Back_jpg.rf.43169a276929acc4e8c9cf68474701a6.jpg, 0, 0, 0, 0, 1, 0
36-Right_jpg.rf.430dde11f0efcb8685990ea314319402.jpg, 1, 0, 0, 0, 0, 0
12-Top-Down_jpg.rf.4230a837886744761e17c4845686685a.jpg, 0, 0, 0, 0, 0, 1
16-Front_jpg.rf.4154423cc890b21312d17523e7419903.jpg, 0, 0, 1, 0, 0, 0
10-Left_jpg.rf.41b6d6f8e9fe4f1c98e6da9193b3b5d1.jpg, 0, 0, 1, 0, 0, 0
27-Right_jpg.rf.4288d5550ccd9842a0369e63564a2c4b.jpg, 1, 0, 0, 0, 0, 0
2-Top-Down_jpg.rf.43559c07d2dfdd14167ab7176dbea9b7.jpg, 0, 0, 0, 0, 1, 0
23-Top-Down_jpg.rf.407df2040122a398d51affecac10e47e.jpg, 0, 1, 0, 0, 0, 0
18-Right_jpg.rf.4249147e91b9453f5b5ba5c3c10b733c.jpg, 1, 0, 0, 0, 0, 0
33-Left_jpg.rf.43932e001ed8d8440cdb18340bc15af4.jpg, 0, 1, 0, 0, 0, 0
9-Left_jpg.rf.43e193a780ef145580afe7bbd3c822fe.jpg, 0, 0, 0, 0, 0, 1
16-Right_jpg.rf.4220ba01dce651ede9be92626becca37.jpg, 0, 0, 1, 0, 0, 0
16-Left_jpg.rf.441bee0f8667497301558261c754ee0e.jpg, 0, 0, 0, 0, 0, 1
22-Right_jpg.rf.436c9cfff59729f772761d9e0ad1f9dd.jpg, 1, 0, 0, 0, 0, 0
14-Back_jpg.rf.44a73d24c31aa89e7882bfe095f768a4.jpg, 0, 0, 0, 1, 0, 0
24-Back_jpg.rf.40d6244f197cd20dba5d1c69c1a4fbe9.jpg, 0, 0, 0, 1, 0, 0
3-Left_jpg.rf.45b878aee8902162345ccd3e0ef27ace.jpg, 0, 0, 0, 0, 0, 1
23-Left_jpg.rf.42c0d0a40e8506ad630aa29481d723c1.jpg, 1, 0, 0, 0, 0, 0
5-Right_jpg.rf.43da92b867bf9f015dd568cfe8e2bb93.jpg, 0, 0, 0, 0, 1, 0
37-Right_jpg.rf.4382e89c35b4cf50552be5cb7e9cfbc2.jpg, 0, 0, 1, 0, 0, 0
6-Left_jpg.rf.4573d71f9217e866d6b134fab46d9ab9.jpg, 0, 1, 0, 0, 0, 0
6-Front_jpg.rf.449137794881721e13234c301ca6d027.jpg, 0, 1, 0, 0, 0, 0
29-Front_jpg.rf.4648bcc2830e224b50a31e2d638b604b.jpg, 0, 0, 0, 0, 1, 0
16-Right_jpg.rf.4644784a3393cc08a775be4cc8698627.jpg, 0, 0, 0, 0, 1, 0
14-Right_jpg.rf.456994a356da76cf8c49cb6e3a309bcc.jpg, 1, 0, 0, 0, 0, 0
5-Back_jpg.rf.44da5eada0aa3d487a9086426f086eea.jpg, 0, 0, 0, 0, 1, 0
14-Top-Down_jpg.rf.46b9466845df989c567a8a40d2c306e3.jpg, 1, 0, 0, 0, 0, 0
39-Top-Down_jpg.rf.476227bd73904c238bdb72b8148a5bb2.jpg, 0, 1, 0, 0, 0, 0
1-Left_jpg.rf.498fe7541f81d42fc261eb8e6a37f8c6.jpg, 0, 0, 0, 1, 0, 0
30-Left_jpg.rf.48dd0a57b30989282ef734bc4ed6d331.jpg, 0, 0, 0, 0, 1, 0
39-Right_jpg.rf.46d810589beb75d023140ac135f2da1b.jpg, 0, 0, 1, 0, 0, 0
22-Right_jpg.rf.4a2ff4e5c799dfcf6c66f18a21d2e165.jpg, 0, 0, 0, 0, 1, 0
48-Right_jpg.rf.47c0ae356f4b35c490d9990343779624.jpg, 0, 1, 0, 0, 0, 0
28-Top-Down_jpg.rf.4988ab2d3122c587a89b4987269ae38c.jpg, 0, 0, 0, 0, 1, 0
2-Top-Down_jpg.rf.4b001335c2d519454a549e4d745e115f.jpg, 1, 0, 0, 0, 0, 0
54-Right_jpg.rf.46cb0d5af609574e91092ec0becdcfbd.jpg, 0, 1, 0, 0, 0, 0
24-Front_jpg.rf.4a0495a499966f311f5d38adf001b91f.jpg, 0, 0, 1, 0, 0, 0
2-Front_jpg.rf.4b049ab52a547203adaf385572788531.jpg, 0, 0, 0, 0, 0, 1
7-Back_jpg.rf.4c9e990a529967a6a0cb7f8f17c571ce.jpg, 0, 0, 0, 0, 0, 1
34-Left_jpg.rf.48f1ee9990611b69e28a36ea6508ac85.jpg, 0, 0, 1, 0, 0, 0
7-Left_jpg.rf.49d8e1fc1c807e7252b03e89ab376d76.jpg, 0, 0, 0, 0, 0, 1
11-Left_jpg.rf.46660fd9865369335bea9b1c47b1470f.jpg, 0, 0, 1, 0, 0, 0
9-Top-Down_jpg.rf.496fc2b1ec657d36da72775b0ef9d078.jpg, 1, 0, 0, 0, 0, 0
38-Back_jpg.rf.473be977df176e262ef99bf274c85354.jpg, 0, 0, 1, 0, 0, 0
23-Right_jpg.rf.47093bb491977b1936ad5c9c9bc53870.jpg, 0, 1, 0, 0, 0, 0
12-Back_jpg.rf.46594ade30cfc93e58e29d02c1c10506.jpg, 0, 0, 1, 0, 0, 0
20-Left_jpg.rf.4cb6bcfcf85de61620e2b3386c0de041.jpg, 0, 0, 0, 0, 1, 0
17-Back_jpg.rf.4993632df5a545f3e993d433b0176fce.jpg, 0, 0, 0, 1, 0, 0
1-Back_jpg.rf.4c58c34b1c8556c3a36c3ba799020661.jpg, 0, 0, 0, 0, 0, 1
30-Front_jpg.rf.4c4bf7fd70f5b55cfc7a2cdca59aa271.jpg, 0, 0, 0, 0, 1, 0
3-Front_jpg.rf.47ac37c5bb0b04c8c66b0fe9931f817a.jpg, 1, 0, 0, 0, 0, 0
29-Right_jpg.rf.4e02d19979af56fb2d4fb3691ba47ba3.jpg, 0, 0, 0, 0, 1, 0
29-Top-Down_jpg.rf.4cbb642fba395e7e45afbe4cd9e7f269.jpg, 0, 0, 1, 0, 0, 0
14-Left_jpg.rf.4dcaddc094211a42cbf4c04b51591a93.jpg, 0, 0, 0, 1, 0, 0
25-Front_jpg.rf.4dc63b15bc3ad99bbda9621e74eb3cf6.jpg, 0, 0, 0, 0, 1, 0
18-Right_jpg.rf.4d4eb469df2886aa09111122f212df36.jpg, 0, 0, 0, 0, 1, 0
30-Top-Down_jpg.rf.4c3711352c78b53aa75dc375dd82b645.jpg, 0, 0, 0, 0, 1, 0
27-Right_jpg.rf.4d7f9897707553810f87a2c93de56b5e.jpg, 0, 0, 1, 0, 0, 0
27-Right_jpg.rf.4edb96b9324e247da307a7b1a1f33f55.jpg, 0, 0, 1, 0, 0, 0
16-Front_jpg.rf.4edaba0cb19190a01cc6564a2f6aeb81.jpg, 0, 0, 0, 0, 1, 0
11-Left_jpg.rf.4e596c613b8b49610a7d5288e222aa31.jpg, 0, 0, 0, 0, 1, 0
12-Back_jpg.rf.4ccadef8d52209a10de6a7c1a41ca001.jpg, 0, 0, 0, 1, 0, 0
57-Right_jpg.rf.4e75dd7a1e67301fdde1ea22fd94b9d7.jpg, 0, 1, 0, 0, 0, 0
8-Front_jpg.rf.4e7109269e0e1df8450c27ab0f5a3950.jpg, 0, 0, 0, 1, 0, 0
8-Back_jpg.rf.4fa4ae20d42ad44a242132066f344a76.jpg, 0, 0, 0, 1, 0, 0
9-Top-Down_jpg.rf.4f11fd7e75f6bc0f467b73b076568a3f.jpg, 0, 0, 0, 0, 0, 1
27-Front_jpg.rf.4fdcb6343630f07f59219ea8aa1b470f.jpg, 0, 0, 1, 0, 0, 0
5-Top-Down_jpg.rf.4e529d7c18728b8362f9ce40c802b407.jpg, 0, 0, 0, 0, 1, 0
13-Right_jpg.rf.4fc28297f9ecb8d08892f7655691e8fd.jpg, 0, 0, 0, 1, 0, 0
17-Right_jpg.rf.4f58f5d08602e30bbcdcff1652f7de88.jpg, 0, 1, 0, 0, 0, 0
17-Left_jpg.rf.4fb5098afbbb7d76346760d8e02a682b.jpg, 0, 0, 0, 0, 0, 1
15-Top-Down_jpg.rf.5042641ffca366b7a9a19e422a20dcfc.jpg, 0, 0, 1, 0, 0, 0
35-Left_jpg.rf.4f435cf56d4836c63b49e5e529490c2e.jpg, 0, 0, 1, 0, 0, 0
23-Top-Down_jpg.rf.506cca160b4a3709b75f2447ae3454b0.jpg, 0, 0, 1, 0, 0, 0
24-Right_jpg.rf.5031a7df65d9cfc1bb41865cf058ef0b.jpg, 0, 0, 0, 1, 0, 0
9-Back_jpg.rf.50639a8c5d22b65a40d807232bb4beee.jpg, 1, 0, 0, 0, 0, 0
16-Right_jpg.rf.4f8339b7848ddfdbc4490edbabf3e0ed.jpg, 0, 0, 1, 0, 0, 0
25-Left_jpg.rf.4f19e2ce654fdda35b8475834cb9c5d2.jpg, 0, 0, 0, 0, 1, 0
11-Top-Down_jpg.rf.4fd15bf40ac44636b018691735232067.jpg, 0, 0, 0, 0, 0, 1
2-Top-Down_jpg.rf.517f2bff9fb0cc56151aeda135c37590.jpg, 0, 0, 0, 1, 0, 0
13-Back_jpg.rf.4fe6e25ec1705d60bf654521dd77b40c.jpg, 0, 0, 0, 0, 0, 1
1-Back_jpg.rf.502620779b2b6e9ca15878b480d76bb7.jpg, 0, 0, 1, 0, 0, 0
27-Right_jpg.rf.4f30700fdc475efc9248d99b7bbadf78.jpg, 1, 0, 0, 0, 0, 0
51-Left_jpg.rf.5186ea4a2818e27e4e1726829e4a2520.jpg, 0, 1, 0, 0, 0, 0
6-Right_jpg.rf.511dc571c538bf60bf15c2451b2699e1.jpg, 1, 0, 0, 0, 0, 0
29-Back_jpg.rf.50ba5474fded2a0f7a18700d9c28838a.jpg, 0, 0, 1, 0, 0, 0
13-Back_jpg.rf.53bb6c91f2844779d8bd786d2a3ee879.jpg, 1, 0, 0, 0, 0, 0
4-Top-Down_jpg.rf.50cb69520444750b4486d6a58e1a5cce.jpg, 0, 1, 0, 0, 0, 0
19-Back_jpg.rf.53792b7d73637884a9590a31032a5030.jpg, 1, 0, 0, 0, 0, 0
13-Back_jpg.rf.537bf0de99ef20824733fb5bcea81230.jpg, 0, 0, 0, 0, 0, 1
23-Right_jpg.rf.51b652c6542fe86115918f27f1ee9ed4.jpg, 0, 0, 0, 1, 0, 0
11-Back_jpg.rf.5479af43b5e75c7e6fcdf95d49f0a66f.jpg, 0, 0, 0, 0, 1, 0
22-Front_jpg.rf.56267c7447a83ba7609d55efc348c38f.jpg, 0, 0, 0, 1, 0, 0
14-Right_jpg.rf.54aa559ce158cd9aac8eb8d9e70c79be.jpg, 0, 0, 0, 1, 0, 0
31Left_jpg.rf.522e8a22427d9ad7728e1780100447e6.jpg, 1, 0, 0, 0, 0, 0
2-Front_jpg.rf.554e74e8057155a50352b6d92221c3a9.jpg, 0, 0, 0, 1, 0, 0
27-Front_jpg.rf.546a7256c67477e2972bd51890fee3fe.jpg, 0, 0, 1, 0, 0, 0
7-Left_jpg.rf.532147f18319abfbeeea274b124509ec.jpg, 0, 0, 0, 1, 0, 0
39-Left_jpg.rf.54f1f0429739eb31c09e2371caf4c1bb.jpg, 0, 1, 0, 0, 0, 0
33-Top-Down_jpg.rf.560c0c8d496f4016d66678aeaf67976c.jpg, 1, 0, 0, 0, 0, 0
4-Left_jpg.rf.5503f5d645fa90554efe57e2e2de1c79.jpg, 0, 0, 0, 0, 1, 0
54-Front_jpg.rf.55e9e0b0a68525eebcfa18177b3c2ba1.jpg, 0, 1, 0, 0, 0, 0
5-Top-Down_jpg.rf.55a0a44930b9e69f541c3d363399c881.jpg, 0, 0, 0, 0, 1, 0
9-Right_jpg.rf.5318c530676ed743373e123145d989ee.jpg, 0, 0, 0, 0, 0, 1
37-Left_jpg.rf.0031a1e31ae54ebf13d6491d15e2b116.jpg, 0, 0, 1, 0, 0, 0
2-Back_jpg.rf.00cb52ae117c59d44207a326fd530ae1.jpg, 1, 0, 0, 0, 0, 0
31-Top-Down_jpg.rf.00151529c5f7dd9ba4d537401b1b1fd2.jpg, 1, 0, 0, 0, 0, 0
27-Front_jpg.rf.00a2bbca73c7d5712fefcf57c22336f6.jpg, 0, 0, 0, 0, 1, 0
8-Top-Down_jpg.rf.00bb26f79bfb5e870f04a37b86d6cb6c.jpg, 0, 0, 0, 0, 0, 1
15-Left_jpg.rf.017e7c385e1fbb5bbc153e7c9065461b.jpg, 0, 0, 1, 0, 0, 0
13-Top-Down_jpg.rf.014c1358cff51303ba3ebc706e688362.jpg, 1, 0, 0, 0, 0, 0
54-Right_jpg.rf.011b002037ea4b58d4785ba68f29a142.jpg, 0, 1, 0, 0, 0, 0
27-Left_jpg.rf.0295aa7f3590ec74f972eed15cb1bfb9.jpg, 0, 0, 1, 0, 0, 0
23-Left_jpg.rf.02495b137d726d1a2c7a5b14bc6c4182.jpg, 0, 0, 0, 1, 0, 0
12-Top-Down_jpg.rf.037215e9c7634a1e58250244da4c3676.jpg, 0, 1, 0, 0, 0, 0
23-Left_jpg.rf.010080bc6f46a16c33503d9a2d5da8bf.jpg, 0, 0, 0, 1, 0, 0
23-Back_jpg.rf.02ec459e10715c6fe4b7f946042aa0d0.jpg, 0, 1, 0, 0, 0, 0
22-Top-Down_jpg.rf.026c761db21a7f916ce1dee5170218cf.jpg, 1, 0, 0, 0, 0, 0
18-Left_jpg.rf.001a8afbd8a393810923ac33b7a8540d.jpg, 0, 0, 0, 1, 0, 0
35-Front_jpg.rf.026e9d21914c8228aa17600307d7c590.jpg, 1, 0, 0, 0, 0, 0
21-Back_jpg.rf.028c2baeb3796371494b72b94852ba84.jpg, 0, 0, 0, 1, 0, 0
35-Back_jpg.rf.047c5ea34fed9000fd256bc2e5475fb6.jpg, 0, 0, 1, 0, 0, 0
1-Front_jpg.rf.02f7f6134b49346674c7df57421776ca.jpg, 0, 0, 0, 0, 0, 1
18-Front_jpg.rf.0493ebae5fcd1a9b570426ab5019cf55.jpg, 1, 0, 0, 0, 0, 0
23-Front_jpg.rf.03f85103f98402c08abcd3753e4653d5.jpg, 0, 0, 1, 0, 0, 0
27-Top-Down_jpg.rf.01e13fb514671667b09e5038fecfaa41.jpg, 0, 0, 1, 0, 0, 0
30-Back_jpg.rf.055ca70080cf3ce52c4d6fc5799d3828.jpg, 1, 0, 0, 0, 0, 0
27-Left_jpg.rf.056fa49de2958a18c59b508052a09ced.jpg, 0, 0, 0, 0, 1, 0
14-Left_jpg.rf.0613f8cd88dcbdf5f8b388ba2e61fb4c.jpg, 0, 0, 1, 0, 0, 0
13-Left_jpg.rf.06c22f155991fbdb638803fde9113429.jpg, 1, 0, 0, 0, 0, 0
8-Right_jpg.rf.0065a4a516df028a897cdf08cf988028.jpg, 0, 0, 0, 0, 0, 1
3-Back_jpg.rf.05e297b40f75067687f9a90ee78271b1.jpg, 0, 0, 0, 0, 0, 1
35-Left_jpg.rf.07207bab17eebc679dbf437d1a363fb5.jpg, 0, 0, 1, 0, 0, 0
18-Left_jpg.rf.07b34e6020790c221712bd26256b3618.jpg, 1, 0, 0, 0, 0, 0
14-Back_jpg.rf.04395ed2e2634f96b2f3d0bceb2e349c.jpg, 0, 0, 0, 0, 1, 0
21-Left_jpg.rf.06a75ccde129eed56a56999cd52aa424.jpg, 0, 0, 0, 1, 0, 0
8-Top-Down_jpg.rf.071ed33cffbe0b32ed5125832c9cc003.jpg, 0, 0, 0, 0, 0, 1
13-Top-Down_jpg.rf.07ba0f06232e83dd997780594478d9a4.jpg, 0, 0, 0, 0, 1, 0
26-Right_jpg.rf.07e77fab4705eb0a9d60242f8032b9d1.jpg, 0, 0, 0, 0, 1, 0
28-Left_jpg.rf.064c91ee38bf51f1e449ea7d5fe386ad.jpg, 0, 0, 0, 0, 1, 0
28-Top-Down_jpg.rf.08bb65f65618467e66910426cb38ef88.jpg, 1, 0, 0, 0, 0, 0
1-Back_jpg.rf.071f44ec4c7507c40eded5bc483cd529.jpg, 0, 0, 0, 0, 1, 0
50-Left_jpg.rf.076338adae86e4b035579a7a0b1cd5e9.jpg, 0, 1, 0, 0, 0, 0
25-Back_jpg.rf.0859b052c62925b3fa934ae62a0b1978.jpg, 0, 0, 0, 0, 1, 0
28-Front_jpg.rf.08a0f20f1ae1fd8048e933b8f95e0899.jpg, 1, 0, 0, 0, 0, 0
2-Top-Down_jpg.rf.070ab04797e9a11925c560d10941898a.jpg, 0, 1, 0, 0, 0, 0
29-Top-Down_jpg.rf.07866727a4733caf01226a9d5e236166.jpg, 0, 1, 0, 0, 0, 0
12-Back_jpg.rf.083f7e90ca2a93d05163d52326966f55.jpg, 0, 1, 0, 0, 0, 0
14-Right_jpg.rf.077d3d04872f21c73627b77f9d687ea9.jpg, 0, 0, 0, 1, 0, 0
39-Left_jpg.rf.0791cca705a021277c15edd82cc5d7d7.jpg, 0, 0, 1, 0, 0, 0
20-Front_jpg.rf.0a15254932f2eaf2dae0eba82bab5c3c.jpg, 1, 0, 0, 0, 0, 0
14-Left_jpg.rf.0a041aa6cb03b1b95ca4730eadc740a5.jpg, 0, 1, 0, 0, 0, 0
5-Front_jpg.rf.09b8983db08690bb02f38038966b4212.jpg, 0, 0, 0, 0, 1, 0
2-Right_jpg.rf.0a7c885056c53978e2b4764b8d3927a6.jpg, 0, 0, 0, 0, 1, 0
55-Back_jpg.rf.0a75be38cd43dd47c7d1ff460e6084e3.jpg, 0, 1, 0, 0, 0, 0
16-Right_jpg.rf.090ff73fb9cea04a1492db634d713c02.jpg, 0, 0, 0, 0, 0, 1
27-Left_jpg.rf.0989fc961c9e709af61fe714ce2aed8f.jpg, 0, 0, 1, 0, 0, 0
9-Left_jpg.rf.0aac57cbfce06e6d747f8395937031de.jpg, 0, 0, 0, 0, 0, 1
48-Front_jpg.rf.0b11f289aa655a0cc7fb4e0289bd384d.jpg, 0, 1, 0, 0, 0, 0
2-Back_jpg.rf.0a1fb759658096da26d23360cb33f160.jpg, 0, 1, 0, 0, 0, 0
5-Left_jpg.rf.0ae54deeb64bd6a261ef7be5b78b777b.jpg, 0, 0, 0, 0, 0, 1
27-Back_jpg.rf.0ae6c9c5d86a133db97698e09308f5fd.jpg, 0, 0, 0, 0, 1, 0
27-Left_jpg.rf.0c4382a0f75cb96468a41918f242892a.jpg, 0, 0, 0, 0, 1, 0
23-Top-Down_jpg.rf.0c0e613a7e7924e35889d6e0e4a84e08.jpg, 0, 0, 0, 0, 1, 0
35-Top-Down_jpg.rf.0d92ae964e1bef7c511e4ed327a571c2.jpg, 0, 0, 1, 0, 0, 0
32-Front_jpg.rf.0cb876038143ed155b2bca43d932ed6d.jpg, 1, 0, 0, 0, 0, 0
29-Right_jpg.rf.0ca738224ed147a38137dcdbb5f95b2c.jpg, 0, 1, 0, 0, 0, 0
29-Front_jpg.rf.0cd8607a39c8a00e11e7507a79549889.jpg, 0, 0, 0, 0, 1, 0
1-Front_jpg.rf.08f715ebc6a3503dd877a1a83de817a1.jpg, 0, 0, 0, 0, 0, 1
19-Front_jpg.rf.0b9e7b4b3e4e59d6e0a66edc45a50c5d.jpg, 1, 0, 0, 0, 0, 0
23-Right_jpg.rf.0c0399afaecbf934d6d853b475135e1a.jpg, 1, 0, 0, 0, 0, 0
3-Back_jpg.rf.0e3abefd26ec75ba8ed95ffd914dbd24.jpg, 0, 0, 0, 0, 0, 1
27-Front_jpg.rf.0c11942551c325553baafd05efb9862e.jpg, 0, 0, 0, 0, 1, 0
20-Top-Down_jpg.rf.0ffc38823bf89d7d58dbf0a68c79340d.jpg, 0, 0, 1, 0, 0, 0
27-Back_jpg.rf.0abaddd8f40cbeea03127a61ec6a68fd.jpg, 0, 0, 0, 0, 1, 0
18-Top-Down_jpg.rf.1016357a45c6cb4d471467fa29c93b89.jpg, 0, 0, 1, 0, 0, 0
35-Top-Down_jpg.rf.106edfae749209bfaab13e4c0d973e81.jpg, 1, 0, 0, 0, 0, 0
22-Back_jpg.rf.0d9a1b056048f5487c3094e695b19eb9.jpg, 0, 0, 0, 0, 1, 0
20-Left_jpg.rf.0e2296699b0ea3971fc07d892f21f9ef.jpg, 0, 0, 1, 0, 0, 0
21-Back_jpg.rf.100b5b3b5f0f6e1b3bb53e6785de1baf.jpg, 0, 0, 0, 0, 1, 0
39-Back_jpg.rf.0f4e12588b192a381b7342e2940eeacc.jpg, 0, 1, 0, 0, 0, 0
48-Top-Down_jpg.rf.0effc3eb59937117623809cf95e1404f.jpg, 0, 1, 0, 0, 0, 0
23-Right_jpg.rf.1077dd09bd49cbb84b36708c397b86ce.jpg, 0, 0, 1, 0, 0, 0
7-Left_jpg.rf.11062f3b4ed52ddc984135c1e41f622e.jpg, 0, 0, 0, 1, 0, 0
20-Back_jpg.rf.1076d517dc30b46f826fbeff5d4767e7.jpg, 1, 0, 0, 0, 0, 0
20-Top-Down_jpg.rf.0d937fd5c5192571d14c4a855e26fa6d.jpg, 1, 0, 0, 0, 0, 0
27-Left_jpg.rf.10e31f6537d332a3683431f1ec78f4e7.jpg, 1, 0, 0, 0, 0, 0
14-Right_jpg.rf.10ac87067f4acbd07af19c19e997b43a.jpg, 0, 0, 0, 1, 0, 0
7-Front_jpg.rf.11c683c0739bea94e98f93d66e58ede6.jpg, 0, 0, 0, 1, 0, 0
26-Back_jpg.rf.0974e64f43ce744b7264725ce20a23ba.jpg, 0, 0, 0, 1, 0, 0
16-Front_jpg.rf.112e226c9e2eca72a0eb4ff8c4bd3443.jpg, 0, 0, 1, 0, 0, 0
35-Right_jpg.rf.119c2f51d4b7abf1066571326928ad32.jpg, 1, 0, 0, 0, 0, 0
7-Top-Down_jpg.rf.0f367ef4457b1ba74c4bcb6285e13e61.jpg, 0, 0, 1, 0, 0, 0
11-Front_jpg.rf.10f23755b5e8970edda9dc5608ede232.jpg, 0, 0, 1, 0, 0, 0
50-Top-Down_jpg.rf.11d831049e43e9f1d5ff318fade71dff.jpg, 0, 1, 0, 0, 0, 0
1-Left_jpg.rf.11d3431a77c0fe8af88b2492508e31c9.jpg, 0, 0, 0, 0, 0, 1
1-Back_jpg.rf.11e1128e4539b14d6fcbff7f2d2a8167.jpg, 0, 0, 1, 0, 0, 0
14-Right_jpg.rf.11f52ab9aab630c2eb9487ba2f4f803a.jpg, 0, 0, 0, 0, 0, 1
26-Right_jpg.rf.12ff92d02028e630e776a8c1bf904418.jpg, 0, 0, 0, 0, 1, 0
16-Back_jpg.rf.127de01d42dd2ec1e2348c1c69af4a03.jpg, 0, 0, 0, 0, 0, 1
11-Right_jpg.rf.148468d1fc3d7c07fd2ccca9955b893e.jpg, 0, 0, 0, 0, 0, 1
17-Front_jpg.rf.14155ad0bce4e8c5650d1816cb8c52da.jpg, 0, 0, 0, 0, 0, 1
10-Right_jpg.rf.143e75abdf650569947ba7c21a3aae2e.jpg, 0, 0, 1, 0, 0, 0
10-Back_jpg.rf.14157b37c8b7a8c1788b002211913201.jpg, 0, 0, 1, 0, 0, 0
7-Left_jpg.rf.12961c1bb1c32a9ce8d15380d40618d5.jpg, 0, 0, 0, 1, 0, 0
13-Right_jpg.rf.143bf14314bba7074ad02fb28ca82b5c.jpg, 1, 0, 0, 0, 0, 0
1-Back_jpg.rf.153076c126b4f96374049aebe29d9784.jpg, 0, 0, 0, 0, 1, 0
2-Top-Down_jpg.rf.1502ee19faee4e44d4b60f1a61b3cf0c.jpg, 0, 0, 0, 0, 0, 1
24-Top-Down_jpg.rf.14524d82dc035317adef8922486393bf.jpg, 0, 0, 0, 1, 0, 0
5-Front_jpg.rf.122326733f7bd6fad1f1fef4d5c41b94.jpg, 0, 0, 0, 0, 0, 1
20-Front_jpg.rf.16016088fbb5bf50fc52f6905801aeca.jpg, 0, 0, 0, 1, 0, 0
24-Left_jpg.rf.146a797358b56801566b223bf6ab7616.jpg, 0, 0, 1, 0, 0, 0
2-Right_jpg.rf.164c192231690f3b40337e7a86bfc626.jpg, 0, 0, 0, 1, 0, 0
11-Right_jpg.rf.1792f143682152ac20dff31f9d576389.jpg, 0, 0, 0, 1, 0, 0
2-Back_jpg.rf.1259234eefe9af66f6730f599c24cff2.jpg, 0, 0, 0, 0, 1, 0
2-Left_jpg.rf.1563e660df4cec445206737ec3327a8d.jpg, 0, 0, 0, 0, 1, 0
31-Left_jpg.rf.1708e5474acd39d4f7420a5625b31d65.jpg, 0, 0, 1, 0, 0, 0
34-Back_jpg.rf.157adf416d7cb525752b15aea6eb6e68.jpg, 0, 1, 0, 0, 0, 0
35-Right_jpg.rf.153b3410acef34540336567bbf2400a6.jpg, 1, 0, 0, 0, 0, 0
13-Front_jpg.rf.170f33c3a903a6aa8d71326a52667dd1.jpg, 0, 0, 0, 0, 1, 0
22-Back_jpg.rf.15e8406b089cabba7c226bdc5803dfd8.jpg, 1, 0, 0, 0, 0, 0
20-Left_jpg.rf.160b04e216b940af081267e3f4d6d098.jpg, 0, 0, 0, 1, 0, 0
30-Top-Down_jpg.rf.169ce8da6b686f32b734a941e3bf29d9.jpg, 0, 0, 1, 0, 0, 0
39-Left_jpg.rf.188b92b6d9daedf60af59640ba92da45.jpg, 0, 1, 0, 0, 0, 0
2-Left_jpg.rf.13a89108055e31ea677045d5c6296887.jpg, 0, 0, 0, 0, 1, 0
12-Top-Down_jpg.rf.18099e12e6c767465437618211b8b1ae.jpg, 0, 0, 1, 0, 0, 0
13-Front_jpg.rf.1a194a159c65eb76bb4432f7050dceb0.jpg, 1, 0, 0, 0, 0, 0
30-Left_jpg.rf.18179b63fd2dc790b45d201c792d0b98.jpg, 0, 0, 1, 0, 0, 0
23-Front_jpg.rf.18d389a2b8567a7cc640c576fa5d3994.jpg, 0, 0, 0, 0, 1, 0
14-Right_jpg.rf.1465fdc4f879d18299ef182a48cf383c.jpg, 0, 1, 0, 0, 0, 0
7-Left_jpg.rf.1a4f38e21eee51bbb96391b6ce44b348.jpg, 0, 0, 1, 0, 0, 0
6-Right_jpg.rf.1a36aaa7df92ed7cd52b9f85a56fe565.jpg, 0, 1, 0, 0, 0, 0
3-Front_jpg.rf.1939873bfaf0d038d0542791c0a7e446.jpg, 0, 0, 0, 0, 0, 1
8-Back_jpg.rf.185a7acf1c3e3120d6c6fb58328f5846.jpg, 0, 0, 0, 0, 0, 1
2-Right_jpg.rf.174781897376bb408bc2af1c95859cab.jpg, 0, 0, 0, 0, 0, 1
27-Front_jpg.rf.1929ad6128edd74050b15db052f3df48.jpg, 0, 0, 0, 1, 0, 0
35-Front_jpg.rf.1b909ab93207d142327f2a39d374fadc.jpg, 1, 0, 0, 0, 0, 0
31-Front_jpg.rf.18f18e90e0f439075aea60173bb150ca.jpg, 0, 1, 0, 0, 0, 0
17-Top-Down_jpg.rf.1b6bdea50546583e7eb97196cfc94305.jpg, 1, 0, 0, 0, 0, 0
35-Top-Down_jpg.rf.1a64abc8e54651941abc17769a85c91b.jpg, 1, 0, 0, 0, 0, 0
11-Top-Down_jpg.rf.171a07d4e0735f612a99c73c77abfa0b.jpg, 0, 0, 0, 0, 1, 0
12-Right_jpg.rf.1d647a869edfc1fb8e9b66bc29d40922.jpg, 0, 1, 0, 0, 0, 0
14-Back_jpg.rf.1cdb1d8bd93865e3844ed2700bad1370.jpg, 0, 1, 0, 0, 0, 0
55-Back_jpg.rf.1bb426f981629b7acae2eaaf0b2ce567.jpg, 0, 1, 0, 0, 0, 0
14-Right_jpg.rf.1aa48e7ae0bd6a5e458966d85598d10e.jpg, 0, 0, 1, 0, 0, 0
11-Top-Down_jpg.rf.1d8647d2eeb63785d5bbd7fafc36da1e.jpg, 0, 0, 0, 0, 1, 0
13-Front_jpg.rf.1b6c1658663527fb70e3e01ded7f1f41.jpg, 0, 0, 0, 1, 0, 0
8-Back_jpg.rf.1d5f12243c52fda9e8193f613d1ffd05.jpg, 0, 0, 0, 0, 0, 1
21-Back_jpg.rf.1a44a34e7489706b90a21b2b9d238429.jpg, 0, 0, 1, 0, 0, 0
36-Front_jpg.rf.1dd74e22a2cf87bc8dbdf2e6f6455c0e.jpg, 1, 0, 0, 0, 0, 0
34-Right_jpg.rf.1e48947dcc4bd4d493118815a4034438.jpg, 0, 0, 1, 0, 0, 0
39-Front_jpg.rf.1d0b88a55570a0a8fe3b29512360cd62.jpg, 0, 1, 0, 0, 0, 0
27-Right_jpg.rf.1fbdbb98e78fbe1c7d79db4802bbb1c4.jpg, 0, 0, 0, 0, 1, 0
2-Back_jpg.rf.1f25cd5fd47e5addabfc86b43835d485.jpg, 0, 0, 0, 0, 1, 0
11-Left_jpg.rf.1f12274538f8aaa63c8917f8c57b1af9.jpg, 0, 0, 0, 1, 0, 0
22-Top-Down_jpg.rf.17a9b521e8d71d5c6a85d53952d565a3.jpg, 1, 0, 0, 0, 0, 0
11-Right_jpg.rf.1e29b7fdc91656e37bc57a93236e7010.jpg, 0, 0, 0, 0, 0, 1
37-Right_jpg.rf.1e6de9e873c778df676a7985c50fccb0.jpg, 1, 0, 0, 0, 0, 0
14-Right_jpg.rf.1ee3c74f5c83c131dbb4dd963a69ae0f.jpg, 0, 0, 1, 0, 0, 0
8-Left_jpg.rf.1de097ca8ab82e8bc3a5bfb407553518.jpg, 0, 0, 0, 1, 0, 0
23-Right_jpg.rf.20474196377a68c550a6d8ac3ea9e975.jpg, 0, 1, 0, 0, 0, 0
24-Right_jpg.rf.20ad8472d9d6977a3bb1eff7d41fdcdb.jpg, 0, 1, 0, 0, 0, 0
36-Front_jpg.rf.2003c21591944f46a3e02973d6ff9fe0.jpg, 0, 1, 0, 0, 0, 0
39-Top-Down_jpg.rf.1a0f2963a05c93e36c39f75220ffc91f.jpg, 0, 0, 1, 0, 0, 0
12-Back_jpg.rf.1fe248c26fcfd5f5453c3e4ccb46b684.jpg, 0, 0, 1, 0, 0, 0
24-Right_jpg.rf.1d0abbd3e1378df048ccc57a178fd14b.jpg, 0, 0, 0, 1, 0, 0
34-Front_jpg.rf.2215bc7bb3b1f690f49f66c6933fc175.jpg, 0, 0, 1, 0, 0, 0
6-Back_jpg.rf.218825a356a9647c29cba349c8f3bf21.jpg, 0, 0, 0, 0, 0, 1
29-Back_jpg.rf.20447f25d2e034538a46a1cb3651035a.jpg, 0, 0, 0, 0, 1, 0
16-Right_jpg.rf.22197bf5b88654dbd45d9a96430e9b68.jpg, 0, 0, 0, 1, 0, 0
35-Top-Down_jpg.rf.231780c4960e62620250975126832072.jpg, 0, 0, 1, 0, 0, 0
25-Left_jpg.rf.22699af769dcb151639ab9d209c80b64.jpg, 0, 0, 0, 1, 0, 0
21-Right_jpg.rf.22e8681fcd99035fa726f9aa5b272e34.jpg, 1, 0, 0, 0, 0, 0
34-Left_jpg.rf.20813e5902503f5d1bbf615d76e0a08a.jpg, 0, 1, 0, 0, 0, 0
9-Front_jpg.rf.2135d045ce0eef7a4e12215a6c38e5b7.jpg, 0, 0, 0, 0, 0, 1
12-Right_jpg.rf.2118907e93fb471e1ac511d3fa76edb5.jpg, 0, 0, 1, 0, 0, 0
1-Right_jpg.rf.21debeb276c0b5d7ac017b2892d3ffcb.jpg, 1, 0, 0, 0, 0, 0
36-Right_jpg.rf.2151b2351711217105a5ee4e10ab21e6.jpg, 1, 0, 0, 0, 0, 0
3-Front_jpg.rf.2213d6ba0b85b19d5f1e791bcb56663e.jpg, 1, 0, 0, 0, 0, 0
7-Top-Down_jpg.rf.229dff31c3d7e85de570dbc5a6707cfb.jpg, 0, 0, 0, 0, 0, 1
29-Right_jpg.rf.2184cb75a275c564df6388e7984d7fed.jpg, 0, 0, 0, 0, 1, 0
10-Left_jpg.rf.238faacb41ee357a44c789d868bb8617.jpg, 0, 0, 0, 1, 0, 0
31Left_jpg.rf.2491bae5e2ac88e86da10a9becfeddd2.jpg, 1, 0, 0, 0, 0, 0
19-Right_jpg.rf.2333ff36002201ce6e1e6b5c69d73dbe.jpg, 0, 0, 0, 0, 1, 0
3-Right_jpg.rf.23899fd42496c53298194aedb8f1a49a.jpg, 0, 0, 0, 0, 0, 1
24-Right_jpg.rf.23257497404fc6e80f58208f0e5284a2.jpg, 0, 0, 1, 0, 0, 0
23-Back_jpg.rf.2363afe308695188e2872600147e546c.jpg, 0, 0, 1, 0, 0, 0
26-Left_jpg.rf.57535bbf9d13500b4d13142dad9f64da.jpg, 0, 0, 0, 0, 1, 0
31-Top-Down_jpg.rf.593416c82ee9a0f9f50afae159763bb3.jpg, 0, 1, 0, 0, 0, 0
28-Top-Down_jpg.rf.5b4344759900a983704dfbf7d495452c.jpg, 0, 0, 0, 0, 1, 0
9-Right_jpg.rf.570e85f7df5712a50786a3f9b66779bd.jpg, 0, 0, 0, 0, 0, 1
54-Right_jpg.rf.5aee416230bafec9beb7c98a7722fe26.jpg, 0, 1, 0, 0, 0, 0
18-Right_jpg.rf.574893090f23f3a682aee8c1a64e32ab.jpg, 0, 0, 0, 0, 1, 0
4-Left_jpg.rf.56fa9d2c6dca26cdba3e0b0a51dcfae3.jpg, 0, 0, 0, 0, 1, 0
30-Back_jpg.rf.57db69dfc3e2233f601a6ef653ae35eb.jpg, 1, 0, 0, 0, 0, 0
19-Back_jpg.rf.596ed292afbac80b97373175d9e4f8c0.jpg, 0, 0, 0, 0, 1, 0
22-Top-Down_jpg.rf.562facea6b6fd20d541caf2a42e4f71e.jpg, 1, 0, 0, 0, 0, 0
4-Right_jpg.rf.57731b9431978208845d51d65dccf48a.jpg, 0, 0, 0, 0, 1, 0
33-Top-Down_jpg.rf.59ca36d5466ceddbd8ad9995fe445fee.jpg, 0, 1, 0, 0, 0, 0
12-Back_jpg.rf.592d93a6c2896e2805cf5a33c5f9f18b.jpg, 0, 0, 1, 0, 0, 0
12-Left_jpg.rf.5735f0075b0a2c81c6f2e511ae876699.jpg, 0, 0, 0, 1, 0, 0
39-Right_jpg.rf.590918f4f48d47ebe3577ba4db0ae2e6.jpg, 0, 0, 1, 0, 0, 0
4-Front_jpg.rf.5981b18fa90cd5b92c9d14d36f2c4c7b.jpg, 0, 1, 0, 0, 0, 0
11-Top-Down_jpg.rf.588613ed8f72f894fec2bb1615e7aeb0.jpg, 0, 0, 0, 1, 0, 0
3-Back_jpg.rf.566e25421ed70cfadb7ab7a4692d1e9a.jpg, 1, 0, 0, 0, 0, 0
13-Front_jpg.rf.5bbeee92a59e1a6f317bcb0a3c4d36f7.jpg, 0, 0, 0, 0, 0, 1
15-Left_jpg.rf.582b52406e3933b4247abe905bea9875.jpg, 0, 0, 1, 0, 0, 0
14-Front_jpg.rf.59cc748a9aa691e95046fd7147eb0dd9.jpg, 0, 0, 0, 1, 0, 0
33-Top-Down_jpg.rf.595a22e1b14ddbecaae4ff1706336d64.jpg, 1, 0, 0, 0, 0, 0
38-Left_jpg.rf.56f6ca82a989fd226d350ae76961e6f6.jpg, 0, 0, 1, 0, 0, 0
23-Front_jpg.rf.5be411d963450b92dafb45abd5f456be.jpg, 0, 0, 1, 0, 0, 0
1-Back_jpg.rf.5c5d0fb2e2a9b786fa95ff2accde7339.jpg, 0, 0, 0, 1, 0, 0
15-Back_jpg.rf.5a827d5305ef396637fa50bb7cbc71e3.jpg, 0, 0, 1, 0, 0, 0
15-Left_jpg.rf.5b556421db948abfed792addf12d5bd9.jpg, 0, 0, 0, 0, 1, 0
25-Left_jpg.rf.5cde8832bd01449aff3828018f7b837f.jpg, 0, 0, 0, 1, 0, 0
24-Front_jpg.rf.569fed7de32c85d6850f88079d35a5a2.jpg, 0, 0, 1, 0, 0, 0
15-Front_jpg.rf.5b473b2f58902be6eb6ebb3d9cfabb30.jpg, 0, 0, 0, 0, 0, 1
32Top-Down_jpg.rf.5d98755ec731ba4ba60a66641f0ea7b4.jpg, 1, 0, 0, 0, 0, 0
32Left_jpg.rf.5e640b637104fa22397418a7dc0d13cb.jpg, 1, 0, 0, 0, 0, 0
15-Back_jpg.rf.5dc12ca2abf69be871dfa75149db1eff.jpg, 0, 0, 1, 0, 0, 0
29-Front_jpg.rf.5ff16779b09ab1bf1dba7514941da35d.jpg, 0, 1, 0, 0, 0, 0
3-Top-Down_jpg.rf.5e1583ed51daf3828f30476a422f01d0.jpg, 0, 0, 0, 0, 0, 1
31-Right_jpg.rf.5ddd060cd45eb198bfaf7e5d083e379f.jpg, 0, 0, 1, 0, 0, 0
26-Left_jpg.rf.5f536993ef3d218c942ba7b2d175bafc.jpg, 0, 0, 0, 1, 0, 0
2-Back_jpg.rf.60a8d7a3e14e267f60f7bfcc188dde3e.jpg, 1, 0, 0, 0, 0, 0
8-Front_jpg.rf.5effeae2b884a18aeae2857e664b2371.jpg, 0, 0, 0, 0, 0, 1
36-Left_jpg.rf.5c88de30e8ee71c6fe599998be42b02d.jpg, 1, 0, 0, 0, 0, 0
4-Front_jpg.rf.5ed3242ebc08f7b24c7a863b77203d06.jpg, 0, 1, 0, 0, 0, 0
33-Back_jpg.rf.5eb3eb64efef3648ef800d23838c06e7.jpg, 0, 1, 0, 0, 0, 0
14-Front_jpg.rf.607abfb3ba03c118b377248662da48ed.jpg, 0, 0, 0, 1, 0, 0
48-Front_jpg.rf.606ac3c6a884dc4a25c2a2f1070997db.jpg, 0, 1, 0, 0, 0, 0
28-Right_jpg.rf.5d8b56b757e5a9b72725f810cb4d70bb.jpg, 1, 0, 0, 0, 0, 0
10-Back_jpg.rf.5c5d955464564a8555d7f090161e8b43.jpg, 0, 0, 1, 0, 0, 0
7-Front_jpg.rf.61dabc64fadcd4757a260ea54d820b71.jpg, 0, 0, 0, 0, 0, 1
2-Left_jpg.rf.5ff39221d60594278acc650cbe9cc143.jpg, 1, 0, 0, 0, 0, 0
11-Back_jpg.rf.62a97f89b8bd73d4f80a5bcf04801e42.jpg, 0, 0, 1, 0, 0, 0
33-Top-Down_jpg.rf.63371a074df9f4fa9393802efdf70000.jpg, 0, 1, 0, 0, 0, 0
20-Right_jpg.rf.6062987511a59d46893af0faca11f6a2.jpg, 1, 0, 0, 0, 0, 0
3-Left_jpg.rf.636be4243c2df171a917205ac423cbc7.jpg, 0, 0, 1, 0, 0, 0
34-Right_jpg.rf.5d38e7d59d27b594291d5c95d266c001.jpg, 0, 1, 0, 0, 0, 0
18-Left_jpg.rf.60a59d5610af387e70471ee4fa60f2d0.jpg, 0, 0, 0, 1, 0, 0
29-Back_jpg.rf.63b5f1ee872864dcd2b8f1a0e3e7094e.jpg, 0, 0, 0, 0, 1, 0
3-Top-Down_jpg.rf.620a735ad5453ab6dc1d634223284721.jpg, 1, 0, 0, 0, 0, 0
2-Right_jpg.rf.6248921d12cf307b55c06448133ca454.jpg, 0, 1, 0, 0, 0, 0
18-Front_jpg.rf.639e37d47c1227a114976f4a431414d8.jpg, 0, 0, 1, 0, 0, 0
27-Front_jpg.rf.63eb8fb68b9548098735798f8d35f865.jpg, 0, 0, 0, 1, 0, 0
50-Back_jpg.rf.61e6e70759a21e3041a098632d02fbec.jpg, 0, 1, 0, 0, 0, 0
21-Left_jpg.rf.6420b6d07ad17b3230198b92c2d9213b.jpg, 0, 0, 0, 1, 0, 0
34-Right_jpg.rf.654f2eb1071ea1119adec3061620d980.jpg, 0, 1, 0, 0, 0, 0
17-Top-Down_jpg.rf.6035b51d7ec95e6f6dcddd3b420bd06b.jpg, 0, 0, 0, 1, 0, 0
51-Top-Down_jpg.rf.63a4c94d1dab1c76fc2b446a4b5607ba.jpg, 0, 1, 0, 0, 0, 0
1-Back_jpg.rf.6481e4974cad194910d67c7dedfdfca3.jpg, 0, 0, 0, 1, 0, 0
31-Back_jpg.rf.62f9a969cf84a6ac9299e4d599fc6a04.jpg, 0, 0, 1, 0, 0, 0
19-Back_jpg.rf.646a53bf050fcd84cc4484f3894c093b.jpg, 1, 0, 0, 0, 0, 0
14-Back_jpg.rf.621ce645fa2cd3bc979f68244759142f.jpg, 1, 0, 0, 0, 0, 0
30-Right_jpg.rf.65f331abd831309c0d302577df181d69.jpg, 1, 0, 0, 0, 0, 0
12-Right_jpg.rf.666c7b460bfe7c75bc8cb557a689b90a.jpg, 0, 0, 0, 1, 0, 0
11-Top-Down_jpg.rf.65479d9071d2c699826901dc9b3097e5.jpg, 0, 0, 0, 0, 0, 1
21-Back_jpg.rf.64acd34e57a2c2d32464ab6b8c9e5569.jpg, 0, 0, 0, 0, 1, 0
31-Back_jpg.rf.668626ad18ad511618b2b6c30fc01046.jpg, 0, 1, 0, 0, 0, 0
1-Front_jpg.rf.67d7e8ad0c65fc4eda9efbac9677f45b.jpg, 0, 0, 0, 0, 1, 0
39-Front_jpg.rf.68f2184cd5adaa217e202a43e1e80a38.jpg, 0, 1, 0, 0, 0, 0
48-Left_jpg.rf.690564ee9a06712fadc7e352ab72210e.jpg, 0, 1, 0, 0, 0, 0
6-Left_jpg.rf.6956dd9ec179d56b7e59e493bc420d2a.jpg, 0, 0, 0, 1, 0, 0
3-Front_jpg.rf.649c1b48710e7b22a5bdd92568b91375.jpg, 0, 0, 0, 0, 0, 1
15-Right_jpg.rf.67ddb705cd5b1ee99e794c670b42a65d.jpg, 0, 0, 0, 0, 1, 0
21-Back_jpg.rf.685177b2e6c4fb6fb9efb78228597db6.jpg, 0, 0, 1, 0, 0, 0
25-Front_jpg.rf.676b89300e8b847c832194cb6bfa6cc3.jpg, 0, 0, 0, 1, 0, 0
2-Left_jpg.rf.658572d7e7af758c568f903e500dc5a5.jpg, 1, 0, 0, 0, 0, 0
11-Back_jpg.rf.6bda6dc917662e1d29cb394457b74c57.jpg, 0, 0, 0, 1, 0, 0
31-Top-Down_jpg.rf.6a9083d4e0acc4ba5ae543ed5e14d782.jpg, 0, 1, 0, 0, 0, 0
7-Top-Down_jpg.rf.6b21aeb936501ebc164c39f40b06fee9.jpg, 0, 0, 1, 0, 0, 0
19-Back_jpg.rf.69f51f5340b625313e884b9dbaf9dbda.jpg, 0, 0, 0, 0, 1, 0
15-Right_jpg.rf.6d12c35770dd807a5cca5313928a48ed.jpg, 0, 0, 0, 0, 0, 1
31Front_jpg.rf.67197ce4284a06e4a8e0f8fc0ab9dc83.jpg, 1, 0, 0, 0, 0, 0
8-Left_jpg.rf.6b69fdc0cf966fb48e5a0e8f85e6de90.jpg, 0, 0, 0, 0, 0, 1
30-Top-Down_jpg.rf.699b5488a1b8aec8fbf3fbdf5926e3b9.jpg, 1, 0, 0, 0, 0, 0
25-Top-Down_jpg.rf.6cab3835b07fdb2a5a06e6dece0add95.jpg, 0, 0, 0, 0, 1, 0
19-Left_jpg.rf.6c81955ff04496faae5d14dc654d4fca.jpg, 1, 0, 0, 0, 0, 0
12-Left_jpg.rf.670a83f4a257adcc8f7824e1461fb52f.jpg, 0, 0, 0, 1, 0, 0
39-Top-Down_jpg.rf.68ec1235048dc2cd352a711b7ee0d025.jpg, 0, 0, 1, 0, 0, 0
33-Front_jpg.rf.6de41c4d334bf5bee3b9423111444111.jpg, 0, 1, 0, 0, 0, 0
2-Top-Down_jpg.rf.6d3cbc6f2ad02187ecc3d343f8108192.jpg, 0, 0, 0, 0, 0, 1
1-Right_jpg.rf.6806e41d43e95217a1049c2117791530.jpg, 0, 1, 0, 0, 0, 0
5-Left_jpg.rf.6eaf655e1a739c2d5d80b22b412e8612.jpg, 0, 0, 0, 0, 0, 1
12-Back_jpg.rf.6f8d81092d7ddf3d52fa45bcd01234fe.jpg, 0, 1, 0, 0, 0, 0
6-Left_jpg.rf.6c1df142955c8288dedfe974ed2aeb85.jpg, 0, 1, 0, 0, 0, 0
20-Left_jpg.rf.6dc2da35bab09748864db07f9865f89d.jpg, 0, 0, 1, 0, 0, 0
22-Right_jpg.rf.6e0d9982406270d8be888bf2b68e3172.jpg, 1, 0, 0, 0, 0, 0
16-Right_jpg.rf.6f85ea55101ed1c15c7881d5ef8d78fe.jpg, 0, 0, 0, 0, 0, 1
14-Front_jpg.rf.6e4ffaeef3bf7e2e2499826ddd92611f.jpg, 0, 0, 0, 0, 1, 0
38-Right_jpg.rf.6f7fde076f92363e05fc5111d582232f.jpg, 0, 0, 1, 0, 0, 0
15-Right_jpg.rf.6c0344e8d0ae9c6fe1ddb8490873d2d5.jpg, 0, 0, 0, 0, 0, 1
26-Back_jpg.rf.71175d874d7230af8ab89018cd4c6935.jpg, 0, 0, 0, 1, 0, 0
13-Left_jpg.rf.6f34c2aadfb8447d382d79483b62f18b.jpg, 0, 0, 0, 0, 0, 1
24-Right_jpg.rf.69e5d22dda9cee5618c9b708f45f39bf.jpg, 0, 0, 0, 1, 0, 0
20-Front_jpg.rf.6ef4336ae83a3fc436567b26f11d6953.jpg, 0, 0, 1, 0, 0, 0
13-Back_jpg.rf.6ecdc0ffae803ba7ee0f7f23dacf5c56.jpg, 0, 0, 0, 1, 0, 0
28-Back_jpg.rf.7143ea0e4ada598ac563fb446145f9d9.jpg, 1, 0, 0, 0, 0, 0
1-Top-Down_jpg.rf.70a554b6ab4cb80681d09aab05d94080.jpg, 0, 0, 0, 0, 0, 1
7-Top-Down_jpg.rf.7099f14370b81ebcc5e6fba545ce7166.jpg, 0, 0, 0, 1, 0, 0
24-Right_jpg.rf.6d3ab3f2357c3aeaba21e0b3ac33bb4b.jpg, 0, 1, 0, 0, 0, 0
16-Front_jpg.rf.7017cc13e56770ad8ddc58e51721480e.jpg, 0, 0, 0, 0, 1, 0
27-Top-Down_jpg.rf.7282db3fad4204aa9b542ffa5e258d02.jpg, 1, 0, 0, 0, 0, 0
12-Top-Down_jpg.rf.71434d09a99e2a6621f8c1b7b8026555.jpg, 0, 0, 0, 0, 0, 1
22-Left_jpg.rf.6f8d38ea083efb8bb6c01792c7eadb88.jpg, 0, 0, 0, 1, 0, 0
55-Left_jpg.rf.72fed761bf4ffdc36280ec69510de160.jpg, 0, 1, 0, 0, 0, 0
7-Back_jpg.rf.735f1685e5951b51a9df49320e2baa2d.jpg, 0, 0, 1, 0, 0, 0
19-Front_jpg.rf.6e70fab537a7a285ab14b7fa694c16b6.jpg, 0, 0, 0, 0, 1, 0
31-Top-Down_jpg.rf.73a2fec70fb716a5443e1ec1ea73ecaf.jpg, 1, 0, 0, 0, 0, 0
36-Left_jpg.rf.74560a3f639b532bd4ee1621beec28f9.jpg, 0, 0, 1, 0, 0, 0
57-Back_jpg.rf.740dcba03df12eb65d9f5b5d82913775.jpg, 0, 1, 0, 0, 0, 0
27-Top-Down_jpg.rf.753b9e4cb0d421e253ebb37d9b19385c.jpg, 0, 0, 1, 0, 0, 0
25-Left_jpg.rf.746e112516d013771ad9a03db0442464.jpg, 0, 0, 0, 0, 1, 0
39-Left_jpg.rf.75fbff6dd13685b4a03b3e7e75c1e350.jpg, 0, 0, 1, 0, 0, 0
18-Right_jpg.rf.7584c40c45b0e1c8a471668ba4eff65e.jpg, 0, 0, 0, 1, 0, 0
12-Top-Down_jpg.rf.736b7cb9b7895f2838d742228efe7714.jpg, 0, 0, 0, 1, 0, 0
3-Back_jpg.rf.760918f3a2a3db006afb3408a428f188.jpg, 1, 0, 0, 0, 0, 0
11-Front_jpg.rf.75035d25a3164574e7583aa6aec77c66.jpg, 0, 0, 0, 1, 0, 0
14-Top-Down_jpg.rf.7470d35d03cedb1451a9299f0cec6a90.jpg, 1, 0, 0, 0, 0, 0
18-Front_jpg.rf.76dde3cc75b49435af990136eb3f8ace.jpg, 0, 0, 0, 0, 1, 0
6-Back_jpg.rf.758dadbf52acd03430e8fb6fcf3ed505.jpg, 0, 0, 0, 0, 0, 1
16-Back_jpg.rf.775eaa00fc92ddd3ec77c64c36911ece.jpg, 0, 0, 0, 0, 1, 0
27-Front_jpg.rf.77f699d34d21fb28d2cfff4e32a32bf8.jpg, 0, 0, 1, 0, 0, 0
7-Front_jpg.rf.755b6c626580a74f2ef6dfffb87fe99b.jpg, 0, 0, 0, 0, 0, 1
7-Left_jpg.rf.765a7e83bbb7b5e0189c7b8c582d138f.jpg, 0, 0, 0, 0, 0, 1
20-Top-Down_jpg.rf.753ab13b0b308d24b5e31205642ce742.jpg, 0, 0, 0, 0, 1, 0
33-Right_jpg.rf.75bf915aa3757ccba426bb768f3ae76a.jpg, 1, 0, 0, 0, 0, 0
55-Front_jpg.rf.75a22918fdc99806ddcc887dd1206209.jpg, 0, 1, 0, 0, 0, 0
14-Front_jpg.rf.73b77114caea9ad705d538603ced4f1a.jpg, 1, 0, 0, 0, 0, 0
23-Right_jpg.rf.77763d166fc7b8adbdf8c0233becdc94.jpg, 1, 0, 0, 0, 0, 0
25-Front_jpg.rf.7765d63d7504cd43d330488d81454506.jpg, 0, 0, 0, 1, 0, 0
30-Front_jpg.rf.76c8aded52248c9237fdc30aad51f118.jpg, 0, 0, 0, 0, 1, 0
12-Right_jpg.rf.7832374eec95ec2a7a0bcd81553ace84.jpg, 0, 0, 0, 1, 0, 0
30-Front_jpg.rf.788a63c1306c4fcd103d108e5b8a492a.jpg, 1, 0, 0, 0, 0, 0
24-Top-Down_jpg.rf.792a458648d0d8415520b42108de1b42.jpg, 0, 0, 0, 0, 1, 0
37-Front_jpg.rf.7989305d67d05accfa9f86b7eb563ec8.jpg, 0, 1, 0, 0, 0, 0
23-Top-Down_jpg.rf.79b042c80fd7ceed337877c55ec2f3b3.jpg, 0, 0, 0, 0, 1, 0
39-Top-Down_jpg.rf.7a4faee6d1626a41c84e8bdb2fef2ba6.jpg, 0, 0, 1, 0, 0, 0
22-Back_jpg.rf.72c413bacf6d66515b6e68d1fbfddad6.jpg, 1, 0, 0, 0, 0, 0
6-Left_jpg.rf.78a094f575ae928697e471298e214917.jpg, 0, 0, 0, 1, 0, 0
3-Top-Down_jpg.rf.7a6eea923a4c13709f024bc5c73e6451.jpg, 0, 0, 0, 0, 0, 1
55-Front_jpg.rf.7aa43d635c8cb10dde7ba664dd98363c.jpg, 0, 1, 0, 0, 0, 0
24-Top-Down_jpg.rf.7acabed2b05e180783b6a065ae9c565c.jpg, 0, 0, 0, 0, 1, 0
1-Front_jpg.rf.79cc781e1ec89451f4d50a48dd1bd75e.jpg, 0, 0, 0, 0, 1, 0
54-Front_jpg.rf.7aa745bc142204f03817f8466a51c1e3.jpg, 0, 1, 0, 0, 0, 0
34-Front_jpg.rf.7bb425814e92a4b3a1754c1807f7d326.jpg, 0, 0, 1, 0, 0, 0
50-Back_jpg.rf.7a1efe94387d14e8a51027366334d536.jpg, 0, 1, 0, 0, 0, 0
36-Right_jpg.rf.796999f5371c3644af12e2e8a3974a6f.jpg, 0, 0, 1, 0, 0, 0
15-Right_jpg.rf.7ad16cd55ed68f67c36754433db1ebab.jpg, 0, 0, 0, 1, 0, 0
12-Top-Down_jpg.rf.7b3dbcc6418f8973d21e44e7c2ebe540.jpg, 0, 0, 1, 0, 0, 0
38-Left_jpg.rf.7ac57900220f485f471cc85a2f0bd860.jpg, 0, 1, 0, 0, 0, 0
36-Top-Down_jpg.rf.7bb46040ee393fdfe16c03e2e6a806dd.jpg, 0, 0, 1, 0, 0, 0
31Front_jpg.rf.7c0228e188a971246852a14fcf2385d2.jpg, 1, 0, 0, 0, 0, 0
39-Right_jpg.rf.7a8d8147f2126d7e6662ccd1c951a6ae.jpg, 0, 1, 0, 0, 0, 0
13-Back_jpg.rf.7820162b6c2338d90742a7813225d4a7.jpg, 1, 0, 0, 0, 0, 0
12-Back_jpg.rf.7bdf2d12daba61121c5b7e79a99c85d6.jpg, 0, 0, 0, 1, 0, 0
31-Right_jpg.rf.7c115f26201cd42b9767b17627aa536e.jpg, 1, 0, 0, 0, 0, 0
23-Back_jpg.rf.7bcb34e41f66a3277a093992a6f09718.jpg, 0, 0, 1, 0, 0, 0
7-Top-Down_jpg.rf.7c7c69923220e1a1d3aa0cf35fad26da.jpg, 0, 0, 0, 1, 0, 0
2-Back_jpg.rf.7d25457072f91301d0ea294fa4155c47.jpg, 0, 1, 0, 0, 0, 0
10-Right_jpg.rf.7c1c5cf578ff37adfe182c083c69da43.jpg, 0, 0, 0, 0, 0, 1
28-Right_jpg.rf.7d259bf9befecdcf68d927f597ea42f2.jpg, 0, 0, 0, 0, 1, 0
15-Front_jpg.rf.7c4eba1b9bc262bf181d1f59cad7f5b8.jpg, 0, 0, 0, 0, 0, 1
36-Back_jpg.rf.7da4a760229a47f9a43a39e99483ea06.jpg, 1, 0, 0, 0, 0, 0
37-Back_jpg.rf.7cce0e83a677b994c174b118ad5b9a8a.jpg, 0, 0, 1, 0, 0, 0
9-Back_jpg.rf.7eb7c951978aed09a662eb4869e152dc.jpg, 0, 0, 0, 0, 0, 1
6-Right_jpg.rf.7cfc69174fddc209c87c1e47e9b87cf9.jpg, 0, 1, 0, 0, 0, 0
5-Top-Down_jpg.rf.7e31310f032e0dc331a9f768c9192185.jpg, 0, 0, 0, 0, 0, 1
18-Left_jpg.rf.7def3dcaf58b4e809757b2cc1f607879.jpg, 0, 0, 0, 0, 1, 0
18-Right_jpg.rf.7719ce2d327000d4292a2cdce1589196.jpg, 1, 0, 0, 0, 0, 0
27-Front_jpg.rf.7d5ec366697487c61aede0ba4f98b51e.jpg, 1, 0, 0, 0, 0, 0
20-Top-Down_jpg.rf.7dc8a8fa196ad12a1a5299c09a021242.jpg, 1, 0, 0, 0, 0, 0
28-Left_jpg.rf.7e8bf4543504905c6375f77819e8ab42.jpg, 0, 0, 0, 0, 1, 0
37-Top-Down_jpg.rf.7f1eb8383213077e536b3f0e61fc0581.jpg, 0, 1, 0, 0, 0, 0
29-Top-Down_jpg.rf.7e509fa97ac0b6a82f2849454ff0716e.jpg, 0, 1, 0, 0, 0, 0
9-Top-Down_jpg.rf.7fe9f61674b3708ef7744d10f43baf47.jpg, 0, 0, 0, 0, 0, 1
32Left_jpg.rf.7ec51c73734a19e3d17f573374d98988.jpg, 1, 0, 0, 0, 0, 0
27-Left_jpg.rf.81d9b6d103eb615c8d7468a06efabf3f.jpg, 0, 0, 0, 1, 0, 0
2-Front_jpg.rf.80332c0d8fb184e6f34cff6c96add8da.jpg, 0, 0, 0, 0, 0, 1
30-Front_jpg.rf.81692a77c4951c0424cd29a46c82155a.jpg, 0, 0, 0, 0, 1, 0
22-Left_jpg.rf.80bb293c24633ff471fa8ba0b0f47d15.jpg, 0, 0, 0, 1, 0, 0
12-Right_jpg.rf.80807abe77eda43da400503c73910084.jpg, 0, 0, 1, 0, 0, 0
21-Left_jpg.rf.8098a27279effef03e08d6cdfaac9fa5.jpg, 0, 0, 0, 0, 1, 0
27-Back_jpg.rf.81051eec55c7592640a476286b001eb6.jpg, 0, 0, 0, 1, 0, 0
6-Front_jpg.rf.80f104cf863a0a6fe5366ba2185b8095.jpg, 0, 0, 0, 1, 0, 0
20-Front_jpg.rf.81d53fcd8489ef584123017baa497415.jpg, 0, 0, 1, 0, 0, 0
29-Top-Down_jpg.rf.822997ffad3ccf76676c536f92facb93.jpg, 0, 0, 1, 0, 0, 0
51-Right_jpg.rf.82025dafa626a6327ed422b3cf073580.jpg, 0, 1, 0, 0, 0, 0
5-Right_jpg.rf.8232b7772292dec4c24a1821c51442c7.jpg, 0, 0, 0, 0, 0, 1
7-Top-Down_jpg.rf.816c8dc3d53dca0989e0b187ba46bd7b.jpg, 0, 0, 0, 0, 0, 1
22-Left_jpg.rf.7c0e65da3d5df60351673d050b493f97.jpg, 1, 0, 0, 0, 0, 0
29-Top-Down_jpg.rf.82ee038816d1163dd6f59ee54cc8373d.jpg, 0, 0, 1, 0, 0, 0
4-Left_jpg.rf.832ce0fd3822a0b0c42678df3a91f5f3.jpg, 0, 0, 0, 0, 0, 1
14-Top-Down_jpg.rf.820eff44941429642b9277bc0d0e1564.jpg, 0, 0, 0, 0, 1, 0
10-Left_jpg.rf.83a25d8aaa27836b27fe96a4cd97a88a.jpg, 0, 0, 1, 0, 0, 0
9-Top-Down_jpg.rf.8269989c709bc088910398d29151cbc4.jpg, 0, 0, 0, 0, 0, 1
57-Front_jpg.rf.8357c408e37a58e99ad5052008c529f0.jpg, 0, 1, 0, 0, 0, 0
14-Top-Down_jpg.rf.8482d4cbdc77867bdec3eacaa0f69cac.jpg, 0, 0, 0, 0, 0, 1
8-Right_jpg.rf.847fce7f3e5b061bac503825a4a34427.jpg, 0, 0, 0, 0, 0, 1
33-Back_jpg.rf.848145f1996062f9f9dd09fa7c9ed0e0.jpg, 1, 0, 0, 0, 0, 0
1-Left_jpg.rf.85b68c6bc1e12b6c2970b2189da769ac.jpg, 0, 0, 0, 1, 0, 0
1-Front_jpg.rf.8587d2eaafbd5c82b5f5af961980a45a.jpg, 0, 0, 1, 0, 0, 0
21-Front_jpg.rf.866e1707b45b3dab795e8c7ecccee5f8.jpg, 0, 0, 0, 0, 1, 0
5-Right_jpg.rf.84a09066643effd04b1535ec1f8e792b.jpg, 0, 0, 0, 0, 1, 0
31-Top-Down_jpg.rf.834741f5846cb78449f199bf66fbb184.jpg, 1, 0, 0, 0, 0, 0
8-Back_jpg.rf.85d05f44da466e46193f8d6183031c48.jpg, 0, 0, 0, 0, 0, 1
6-Right_jpg.rf.86d81f59cebbb4e96cff809414041e6a.jpg, 1, 0, 0, 0, 0, 0
39-Back_jpg.rf.866dcaedfbde3aac2ef8eee89cefd41e.jpg, 0, 1, 0, 0, 0, 0
48-Top-Down_jpg.rf.8328744e12b7363cc8f3a6eeadf9b3dd.jpg, 0, 1, 0, 0, 0, 0
28-Top-Down_jpg.rf.86c4328baf21740c12b4b563bfd69d55.jpg, 0, 0, 0, 0, 1, 0
50-Right_jpg.rf.859ea24710cb83840af1e76fc8d2635e.jpg, 0, 1, 0, 0, 0, 0
38-Left_jpg.rf.861ee783265c65a51c3ef2c12fc83dae.jpg, 0, 1, 0, 0, 0, 0
13-Right_jpg.rf.868136344b952c84a95b24f0c143fb67.jpg, 0, 0, 0, 1, 0, 0
13-Front_jpg.rf.85ae373389ceed28b0d985b5696895f6.jpg, 0, 0, 0, 0, 1, 0
32Top-Down_jpg.rf.891e6bd782d2cd66934d751b392d8915.jpg, 1, 0, 0, 0, 0, 0
2-Back_jpg.rf.88beb536e96a01605d2f40a025d09da8.jpg, 1, 0, 0, 0, 0, 0
28-Front_jpg.rf.8516db05a73789d17bfb03e294758182.jpg, 1, 0, 0, 0, 0, 0
14-Front_jpg.rf.8957e33a22e3a8f2b54af68f6aff27cb.jpg, 0, 0, 0, 0, 1, 0
26-Front_jpg.rf.88fc6fcade55a98f7e7acabc586e9601.jpg, 0, 0, 0, 1, 0, 0
12-Back_jpg.rf.886bc0425548c84afaa5994820861be4.jpg, 0, 0, 0, 0, 0, 1
24-Front_jpg.rf.87c5cae165ddc03364aa7b5c7fa596a4.jpg, 1, 0, 0, 0, 0, 0
24-Top-Down_jpg.rf.889ee66d2746a9e37efcedeab80a7411.jpg, 0, 0, 0, 1, 0, 0
8-Left_jpg.rf.89c3200cf8b2b724930142207a17a679.jpg, 0, 0, 0, 0, 0, 1
24-Left_jpg.rf.89264fc25a66f02963c7261f5754a1fe.jpg, 0, 0, 1, 0, 0, 0
6-Front_jpg.rf.89c908fd0f898e06ac903c4f92016fd4.jpg, 0, 0, 0, 1, 0, 0
10-Left_jpg.rf.8a01d7985622070c652ac879b567019c.jpg, 0, 0, 1, 0, 0, 0
9-Front_jpg.rf.885054c1b41e22421eef5fe70fdfb88d.jpg, 0, 0, 0, 0, 0, 1
20-Top-Down_jpg.rf.8994f4bde505b9bd90895b593de1e39c.jpg, 0, 0, 1, 0, 0, 0
9-Left_jpg.rf.8992fa3825203a639153aa682db2a065.jpg, 1, 0, 0, 0, 0, 0
11-Back_jpg.rf.86cb8cbaca8cfe0fa55c692d247a8112.jpg, 0, 0, 0, 0, 1, 0
17-Top-Down_jpg.rf.8838f1d8a0386a232156adb86d2f598e.jpg, 0, 1, 0, 0, 0, 0
23-Front_jpg.rf.890ee05d83e26adc639449c2671d2c61.jpg, 1, 0, 0, 0, 0, 0
13-Front_jpg.rf.8996f7ff4d2dbdb5ec6c6d69b4e98075.jpg, 1, 0, 0, 0, 0, 0
14-Right_jpg.rf.87f84deb9fe10c858ff3f80c191f2297.jpg, 1, 0, 0, 0, 0, 0
27-Right_jpg.rf.8a02483758876b057e00b6739123bda2.jpg, 0, 0, 0, 0, 1, 0
8-Back_jpg.rf.85a85185bb5294fba4d534677908eb5c.jpg, 0, 0, 0, 1, 0, 0
24-Top-Down_jpg.rf.f1bd0a05684fc383ba4a34d4ce344650.jpg, 0, 0, 0, 0, 1, 0
13-Front_jpg.rf.ed32e97d2bef56cb2502ef1547ab0163.jpg, 0, 0, 0, 0, 0, 1
29-Left_jpg.rf.ee14fc22ce51f6c963d12d1edfce5d63.jpg, 0, 1, 0, 0, 0, 0
36-Left_jpg.rf.eed38673ddc30d3667bcfabf15d754c7.jpg, 0, 0, 1, 0, 0, 0
55-Back_jpg.rf.ed8f2fc185ea77aee1ae29d7fbfb6adc.jpg, 0, 1, 0, 0, 0, 0
26-Top-Down_jpg.rf.edca74ab5dd9adb577f3b8e89b52bc74.jpg, 0, 0, 0, 1, 0, 0
23-Top-Down_jpg.rf.f098d17ac5f808492848d30b0ccee2f4.jpg, 1, 0, 0, 0, 0, 0
19-Front_jpg.rf.ed5a7ce780343dbbcebc80a5e7bb5768.jpg, 1, 0, 0, 0, 0, 0
26-Top-Down_jpg.rf.f258d535653471a6178a5051d3118233.jpg, 0, 0, 0, 1, 0, 0
27-Left_jpg.rf.ede79c3529524be9a5bc5f57d0204848.jpg, 0, 0, 1, 0, 0, 0
12-Top-Down_jpg.rf.ef6d79db45727286ac39f86e55237a1c.jpg, 0, 1, 0, 0, 0, 0
12-Right_jpg.rf.f11c079a91fa1578dc972704bd6bd278.jpg, 0, 1, 0, 0, 0, 0
26-Left_jpg.rf.eefd3db89fc011f9b3c0f6a0ca659523.jpg, 0, 0, 0, 1, 0, 0
39-Right_jpg.rf.ef782a8075a03e798d579d9905f50f78.jpg, 0, 0, 1, 0, 0, 0
39-Top-Down_jpg.rf.ef9fd777731b4cd984cf2436a7076daa.jpg, 0, 1, 0, 0, 0, 0
24-Right_jpg.rf.f0ed1d9169d4aaf81696adad634f8702.jpg, 0, 0, 1, 0, 0, 0
2-Top-Down_jpg.rf.ed7b5c3580c2db8d8b3f3e707bd98d9d.jpg, 0, 0, 0, 0, 1, 0
57-Front_jpg.rf.f048101d99d9f1dcd7ffe54f32b8c7f1.jpg, 0, 1, 0, 0, 0, 0
19-Top-Down_jpg.rf.f13d786ad6f50e466ea1f6ebaa5bbee8.jpg, 1, 0, 0, 0, 0, 0
23-Top-Down_jpg.rf.ed6ee0ea8c0f88c27da1ffc163f35f3f.jpg, 0, 1, 0, 0, 0, 0
20-Back_jpg.rf.f2388fb90ecc5b20603ffff1b0351859.jpg, 0, 0, 0, 1, 0, 0
4-Back_jpg.rf.f07e8ada575984c3ef591c6c102a14a8.jpg, 0, 0, 0, 0, 0, 1
7-Top-Down_jpg.rf.f0667b42d96b9c671df33bfcf44bd4cd.jpg, 0, 0, 0, 0, 0, 1
30-Left_jpg.rf.f098a71f8fcb999aac60ff63fc91d2ed.jpg, 0, 0, 1, 0, 0, 0
14-Front_jpg.rf.f25ee49e6185cf81b022d254a769a622.jpg, 0, 0, 1, 0, 0, 0
12-Front_jpg.rf.f28ccff0d8228df7c075a81207fddb72.jpg, 0, 0, 1, 0, 0, 0
13-Right_jpg.rf.f36591b15332e9fc12c9389071ca0d26.jpg, 0, 0, 0, 0, 1, 0
33-Top-Down_jpg.rf.f157ce2a6d2d429f582ec9d1b351f493.jpg, 0, 1, 0, 0, 0, 0
38-Top-Down_jpg.rf.f2bf281ebcc1f95a5374a75af10cf0bc.jpg, 0, 0, 1, 0, 0, 0
26-Right_jpg.rf.f4aa1baf8500176c159aaa83c0c8d3ff.jpg, 0, 0, 0, 0, 1, 0
17-Left_jpg.rf.f43fc293c4565f6223c116229f3c499b.jpg, 1, 0, 0, 0, 0, 0
12-Left_jpg.rf.f450904cacef43f916ea1fa99dff01c3.jpg, 0, 0, 1, 0, 0, 0
15-Back_jpg.rf.f39bac9a74a3061f7aaa3d6023483cf1.jpg, 0, 0, 0, 0, 1, 0
13-Front_jpg.rf.f3c5ec196ed0f36a0db447e9ca0fc3bc.jpg, 0, 0, 0, 0, 0, 1
16-Right_jpg.rf.f53864e51a079d092f51d6fc8f454ff0.jpg, 0, 0, 0, 0, 1, 0
14-Back_jpg.rf.f439ea61bd991cfe7303f3674c0ac43a.jpg, 0, 0, 1, 0, 0, 0
20-Top-Down_jpg.rf.f68c719cac511284f531e6a6cfa714de.jpg, 0, 0, 1, 0, 0, 0
15-Right_jpg.rf.f7677911fc4dd65dbc1c88b4663dd906.jpg, 0, 0, 0, 1, 0, 0
15-Left_jpg.rf.f758b5ee70b44dbb566074ff51178c86.jpg, 0, 0, 0, 0, 1, 0
36-Front_jpg.rf.f4d93164c68afb169f5d682a2a1e781d.jpg, 0, 0, 1, 0, 0, 0
23-Top-Down_jpg.rf.f545aa26a4f603095cfb994f8cd09d94.jpg, 1, 0, 0, 0, 0, 0
37-Back_jpg.rf.f7d819ae0bfb360441be66e9ee23494e.jpg, 0, 1, 0, 0, 0, 0
13-Right_jpg.rf.f5b0a019bd7cf8bb306b2d446030aef6.jpg, 1, 0, 0, 0, 0, 0
34-Right_jpg.rf.f890829be65e6328cf5bd3665eea1da2.jpg, 0, 0, 1, 0, 0, 0
25-Left_jpg.rf.f681cb2b94c3a4b334194a26211917f8.jpg, 0, 0, 0, 1, 0, 0
2-Front_jpg.rf.f899b8ab5740277c650017000a54d616.jpg, 0, 0, 0, 1, 0, 0
29-Left_jpg.rf.f7bd3925abd36d8b6c250d8641f7b98a.jpg, 0, 1, 0, 0, 0, 0
2-Top-Down_jpg.rf.f7ef2ccaa42a8dadd19efff777662535.jpg, 0, 1, 0, 0, 0, 0
20-Back_jpg.rf.f8db4c63cf95d2f8a9245b6dab0f38aa.jpg, 0, 0, 1, 0, 0, 0
34-Back_jpg.rf.f65a89a2fb0d5c165ee892dfbfbacdb6.jpg, 0, 0, 1, 0, 0, 0
6-Back_jpg.rf.f6ed1c76d314959fbe17916906a95e37.jpg, 1, 0, 0, 0, 0, 0
50-Top-Down_jpg.rf.f84a99c719e3498da8fd88fb3d74f4ab.jpg, 0, 1, 0, 0, 0, 0
12-Right_jpg.rf.f7af5551863f0abdfc592a70f5e4a149.jpg, 0, 0, 0, 0, 0, 1
12-Back_jpg.rf.f8f1ef94152b8db4754ddc5c0a64c90e.jpg, 0, 1, 0, 0, 0, 0
3-Right_jpg.rf.f94d8b09a23fd4997b2bfc0aa18ede95.jpg, 0, 0, 0, 0, 0, 1
20-Front_jpg.rf.f9fc621d44f6173b8d8a273e39d49461.jpg, 1, 0, 0, 0, 0, 0
6-Back_jpg.rf.f747fdd2f04dd4d43f2bd42b4fa90698.jpg, 1, 0, 0, 0, 0, 0
17-Back_jpg.rf.f93b5eb0d1318d65f1d16300296656d5.jpg, 0, 0, 0, 0, 0, 1
17-Front_jpg.rf.f9961e164582cb4f1dc3f4eb828cca84.jpg, 0, 0, 0, 0, 0, 1
35-Back_jpg.rf.fa2ea91caff6307d8f31605de705ecda.jpg, 0, 0, 1, 0, 0, 0
35-Back_jpg.rf.f62bb48701b2de80332148ead1640ee0.jpg, 0, 0, 1, 0, 0, 0
35-Left_jpg.rf.f9ebcf409f4404679fc06f0a6d565a86.jpg, 1, 0, 0, 0, 0, 0
37-Top-Down_jpg.rf.fa27943362436523d2216b6a6c8e137b.jpg, 1, 0, 0, 0, 0, 0
12-Right_jpg.rf.fa6c1a4de881b1784175ad91a892c653.jpg, 0, 0, 1, 0, 0, 0
14-Front_jpg.rf.fa3503cdd9a93074d34b0f426a82da15.jpg, 0, 0, 0, 0, 0, 1
18-Top-Down_jpg.rf.fb1735be37c0de0058ad755b59ec8174.jpg, 0, 0, 0, 1, 0, 0
50-Left_jpg.rf.fad008a59947939fcf4e3b41da834202.jpg, 0, 1, 0, 0, 0, 0
24-Left_jpg.rf.fc7e98588e1c2420663fdff9aa1ed034.jpg, 1, 0, 0, 0, 0, 0
39-Back_jpg.rf.fb96746583c49433ab18e70189bce4a0.jpg, 0, 0, 1, 0, 0, 0
16-Top-Down_jpg.rf.fa3744d9082e79823bae1016e68a418e.jpg, 0, 0, 0, 0, 1, 0
2-Top-Down_jpg.rf.fc0cd4eb0a4a746e9bdf1d0d43f5cff5.jpg, 0, 0, 0, 0, 1, 0
9-Left_jpg.rf.faa970115f3583d79adcc1320f7617bb.jpg, 1, 0, 0, 0, 0, 0
18-Front_jpg.rf.fa452f2d98a8152ee24bc6db3c2cc8d3.jpg, 1, 0, 0, 0, 0, 0
57-Back_jpg.rf.fa5d2abc43e1d14a4557d683bd6227c6.jpg, 0, 1, 0, 0, 0, 0
11-Left_jpg.rf.fae260842d27520e65c7163374449757.jpg, 0, 0, 0, 0, 1, 0
1-Back_jpg.rf.fc23242a1a0086b31012b05595cbd310.jpg, 0, 0, 1, 0, 0, 0
31-Right_jpg.rf.fccccb33c1335ad375cde6e02dad789b.jpg, 0, 1, 0, 0, 0, 0
22-Front_jpg.rf.fd6350768fc2e01b6dc1bf4fb55a442b.jpg, 0, 0, 0, 1, 0, 0
12-Back_jpg.rf.fae383a4e5014acd59d66ffe7a9fdd51.jpg, 0, 0, 0, 0, 0, 1
6-Right_jpg.rf.fbd045d3e4dfb5e8d1756f9ab8a9f704.jpg, 0, 0, 0, 0, 0, 1
28-Top-Down_jpg.rf.fef15da06857090362f84244cabbe992.jpg, 1, 0, 0, 0, 0, 0
25-Front_jpg.rf.fcd2241701d7df3da7c1a526745ee437.jpg, 0, 0, 0, 0, 1, 0
13-Right_jpg.rf.fcb2e244da19195ad7d91d2c9a14b153.jpg, 0, 0, 0, 1, 0, 0
11-Right_jpg.rf.fce52324e0bbac6db981d8917623bb0f.jpg, 0, 0, 0, 1, 0, 0
24-Front_jpg.rf.feaa068f430e1855bad40a78e767c244.jpg, 0, 1, 0, 0, 0, 0
34-Back_jpg.rf.fe227d66ad910a0aa89a26a0a907b802.jpg, 0, 1, 0, 0, 0, 0
18-Front_jpg.rf.fc1b406f9ffc2df91c6585ad8eb89226.jpg, 0, 0, 1, 0, 0, 0
19-Right_jpg.rf.fff10a1ddaef6f865475a0a4fbada1d8.jpg, 1, 0, 0, 0, 0, 0
20-Top-Down_jpg.rf.fac5e1b84bf2abb0465627846e3bd6f7.jpg, 0, 0, 0, 0, 1, 0
48-Left_jpg.rf.ff9bad7960ea98265929eaf352245a1b.jpg, 0, 1, 0, 0, 0, 0
28-Front_jpg.rf.ffec5225d3df98a269eec93e7a64dca8.jpg, 1, 0, 0, 0, 0, 0
34-Left_jpg.rf.ffc95d9d32fb457477384105e71f9410.jpg, 0, 0, 1, 0, 0, 0