filename, LEVEL_2, LEVEL_3, LEVEL_4, LEVEL_5, LEVEL_6, LEVEL_7
2-Front_jpg.rf.ea0f6d9acced586c58aa22c992be0f33.jpg, 0, 0, 0, 0, 0, 1
27-Front_jpg.rf.e9898e72e27c599812b3c4929d5cf571.jpg, 1, 0, 0, 0, 0, 0
14-Top-Down_jpg.rf.eb13c047a9bcf1ce2049d8e6d4cedc00.jpg, 1, 0, 0, 0, 0, 0
8-Front_jpg.rf.ea21ccdb9281297e758f214d77958d9e.jpg, 0, 0, 0, 1, 0, 0
12-Right_jpg.rf.eb2af5b60ec04aeaaf5ff3097c463f45.jpg, 0, 0, 0, 1, 0, 0
17-Right_jpg.rf.e9b60d299bceb655224cc1e0c09fc98a.jpg, 0, 1, 0, 0, 0, 0
14-Front_jpg.rf.eb90f2c5b8f76cf0041c53bf5aa3bb6e.jpg, 0, 0, 0, 1, 0, 0
31-Right_jpg.rf.ece2a3fac70e002d40f358244e773622.jpg, 0, 0, 1, 0, 0, 0
23-Top-Down_jpg.rf.ec48e22e23e13e01e010bb4d06ea2d32.jpg, 1, 0, 0, 0, 0, 0
3-Left_jpg.rf.eb88f0bf73fa707435e0154f3266de3a.jpg, 0, 0, 0, 0, 0, 1
31Front_jpg.rf.ead5e144f99f1ca0f856a81da2f5caee.jpg, 1, 0, 0, 0, 0, 0
19-Back_jpg.rf.ee1a7e219a5b44f0b0eb422109767427.jpg, 0, 0, 0, 0, 1, 0
57-Right_jpg.rf.ed20e338981b12d638726687b8abaaa4.jpg, 0, 1, 0, 0, 0, 0
48-Top-Down_jpg.rf.ecea4f3ed26b594f727f26b48aa3b1ff.jpg, 0, 1, 0, 0, 0, 0
11-Left_jpg.rf.ed3e175c5c41c7b54b341bd4e557a1b3.jpg, 0, 0, 0, 1, 0, 0
7-Left_jpg.rf.eac3c36612fdcd570a3c276ca12d938b.jpg, 0, 0, 0, 1, 0, 0
32-Front_jpg.rf.ed620ec04988658252d6801398306a59.jpg, 1, 0, 0, 0, 0, 0
2-Top-Down_jpg.rf.eddcded7da8e04f81d6f0dcc2ba2a45e.jpg, 1, 0, 0, 0, 0, 0
15-Left_jpg.rf.eb96e2a21c11b2545abad7158d965070.jpg, 0, 0, 1, 0, 0, 0
18-Right_jpg.rf.ed87dbddbe2ff00c12949193755352c0.jpg, 1, 0, 0, 0, 0, 0
14-Front_jpg.rf.ece9b489b59060d3190b3701ea5cd1e4.jpg, 0, 0, 1, 0, 0, 0
6-Front_jpg.rf.ec2c91a28b5b2727c3ed3b5626a20883.jpg, 0, 0, 0, 0, 0, 1
2-Back_jpg.rf.eb8096712d369659131b88466a7d66bf.jpg, 0, 0, 0, 1, 0, 0
2-Top-Down_jpg.rf.ea1b9a48551b56271b190f80fc3a9bce.jpg, 0, 0, 0, 0, 1, 0
9-Left_jpg.rf.ee4d8402030c35050a9799ffa18765a3.jpg, 0, 0, 0, 0, 0, 1
31-Top-Down_jpg.rf.ececb5aebbe41e056b638410ebe09e39.jpg, 0, 1, 0, 0, 0, 0
23-Right_jpg.rf.ee1f2bbb5944b2571afcd9f708fbf9f3.jpg, 0, 0, 0, 1, 0, 0
3-Right_jpg.rf.efa04561aad2f7c57404b2dc87a4400c.jpg, 1, 0, 0, 0, 0, 0
11-Left_jpg.rf.f0368ad94050e43358bbad42383cad9a.jpg, 0, 0, 0, 0, 1, 0
27-Front_jpg.rf.ef83888cee651fd0504d94f816cdef6f.jpg, 0, 0, 0, 0, 1, 0
1-Right_jpg.rf.eed31131432b9f3dcb2f68a94bee082a.jpg, 1, 0, 0, 0, 0, 0
2-Top-Down_jpg.rf.ef51e95942c9b2948296969c95a5f622.jpg, 0, 0, 0, 0, 0, 1
7-Left_jpg.rf.f0a1ccbb6da945817545aa1a36466aa6.jpg, 0, 0, 0, 1, 0, 0
39-Right_jpg.rf.f0e016ed07daeff41dab473a51fffd30.jpg, 0, 1, 0, 0, 0, 0
35-Right_jpg.rf.ef2dea1d79dd59953792cf622b8932a1.jpg, 0, 0, 1, 0, 0, 0
7-Front_jpg.rf.f1c76a021daee4ca5f51e5423605e210.jpg, 0, 0, 0, 0, 0, 1
35-Top-Down_jpg.rf.f30cfd972e0dc11d03ed1ba2845f2a63.jpg, 1, 0, 0, 0, 0, 0
6-Right_jpg.rf.f3c8c4f20a4c998325f4ab25236e67d1.jpg, 1, 0, 0, 0, 0, 0
22-Back_jpg.rf.f3e80df6b8fceca768d3acae73cfac3b.jpg, 1, 0, 0, 0, 0, 0
20-Back_jpg.rf.f098aab9296f55988a04fbf64361a118.jpg, 0, 0, 0, 1, 0, 0
35-Front_jpg.rf.f2f791dd25f412d8e962462153d9098c.jpg, 1, 0, 0, 0, 0, 0
19-Left_jpg.rf.f30070553a8f218f77c88219bea89d1b.jpg, 1, 0, 0, 0, 0, 0
12-Back_jpg.rf.f4b733e542c35ff42234aaff987aef60.jpg, 0, 0, 0, 1, 0, 0
3-Back_jpg.rf.f405c8d3be17ad6c10d298b94a4dc524.jpg, 0, 0, 0, 0, 0, 1
24-Right_jpg.rf.f2be0862ebfc750eae7eb0a57a4ce4e6.jpg, 0, 1, 0, 0, 0, 0
12-Back_jpg.rf.f317c3d34ccec0918a57d6209a2b1add.jpg, 0, 0, 1, 0, 0, 0
31-Back_jpg.rf.f487fe605ec3fa9f98219614af8551ca.jpg, 0, 1, 0, 0, 0, 0
35-Left_jpg.rf.f16bc98cfa44de2a67a15131eb22af5d.jpg, 0, 0, 1, 0, 0, 0
29-Left_jpg.rf.f1e9c3e7ae4e2003da0273dd0307fcc5.jpg, 0, 0, 0, 0, 1, 0
4-Front_jpg.rf.f4b5c7f004bc7d211fad8e12b6b97c30.jpg, 0, 0, 0, 0, 1, 0
27-Top-Down_jpg.rf.f38596e30e17b489d830f4e453bfd91c.jpg, 0, 0, 0, 0, 1, 0
26-Back_jpg.rf.f60f48a040990e662d46b418a0ef8ebd.jpg, 0, 0, 0, 0, 1, 0
12-Right_jpg.rf.f680a3d7d0cc9bf3b3b26b711531379d.jpg, 0, 1, 0, 0, 0, 0
26-Left_jpg.rf.f2f9e691b06693b76f063003126ff8e6.jpg, 0, 0, 0, 1, 0, 0
1-Front_jpg.rf.f76b6bc3c3388759c0a018cfe0c7a7ff.jpg, 1, 0, 0, 0, 0, 0
3-Left_jpg.rf.f58cf97d6c7c6db368bc6fbd2810949a.jpg, 0, 0, 1, 0, 0, 0
17-Top-Down_jpg.rf.f5f801bcdda75a9d8ca4b1504200a57a.jpg, 1, 0, 0, 0, 0, 0
55-Back_jpg.rf.f4110b2cead04e0cb538ce1c73ea57e2.jpg, 0, 1, 0, 0, 0, 0
4-Left_jpg.rf.f73e764d189b02e499fc7c589fc85372.jpg, 0, 0, 0, 0, 1, 0
9-Top-Down_jpg.rf.f67d23861489e5555e1ef4364d3bb903.jpg, 0, 0, 0, 0, 0, 1
25-Front_jpg.rf.f7c6910652cdba8a4e0fa57a95ba48f6.jpg, 0, 0, 0, 1, 0, 0
21-Left_jpg.rf.f78362e8ff0645aa9e3ad5e9ad0c7951.jpg, 0, 0, 1, 0, 0, 0
12-Back_jpg.rf.f36279ba7e1fea83cafbe978b7a8b76c.jpg, 0, 0, 0, 0, 0, 1
15-Left_jpg.rf.f7bc25142ae64552e35347ec66f921fa.jpg, 0, 0, 0, 0, 1, 0
25-Top-Down_jpg.rf.f784ccef51acf55eb5aa10466d5fc02c.jpg, 0, 0, 0, 0, 1, 0
37-Back_jpg.rf.f813f8f83d0836165650d962ff7e63a1.jpg, 1, 0, 0, 0, 0, 0
50-Top-Down_jpg.rf.f8024a9a6fe3ad54b59bc8b44c68e6a0.jpg, 0, 1, 0, 0, 0, 0
3-Right_jpg.rf.f42dc69f82f3e0dcdfe39d1ebd87fac4.jpg, 0, 0, 0, 0, 0, 1
6-Left_jpg.rf.f5280d4643027710848d384c56bea625.jpg, 0, 1, 0, 0, 0, 0
15-Back_jpg.rf.f6d58a66b18ac66fd13cf4675a6e22ae.jpg, 0, 0, 0, 0, 1, 0
9-Right_jpg.rf.f8adf5f71e099a234e57fc1a0a215d2c.jpg, 1, 0, 0, 0, 0, 0
15-Right_jpg.rf.fdaafa651d3d158a715ecdf1b1cdb098.jpg, 0, 0, 0, 0, 1, 0
12-Left_jpg.rf.fca01124d6dea1336ff887245475d739.jpg, 0, 0, 0, 1, 0, 0
13-Front_jpg.rf.f914d58514f27dcd37d02bba8a829622.jpg, 0, 0, 0, 0, 0, 1
1-Back_jpg.rf.f8a260f382f5e31a538824f719988b0c.jpg, 0, 0, 0, 1, 0, 0
6-Left_jpg.rf.fc4008ecacd4447a46a50d8fe592c8b4.jpg, 0, 0, 0, 0, 0, 1
3-Left_jpg.rf.f95a249c4515ce48d5709e567b81dd2b.jpg, 0, 0, 1, 0, 0, 0
31-Back_jpg.rf.fc43899ce0299045a1dfb966cc14a344.jpg, 0, 0, 1, 0, 0, 0
10-Right_jpg.rf.fe32ad491f8635615f10f7c2ec42f452.jpg, 0, 0, 0, 0, 0, 1
18-Front_jpg.rf.ff49be51eb11202e2a35ed243f214203.jpg, 0, 0, 0, 0, 1, 0
48-Left_jpg.rf.fbf7eef8fa63469d6e7af1a09ea1076d.jpg, 0, 1, 0, 0, 0, 0
13-Left_jpg.rf.f650cb39c9e73a321fe74b36b9513a04.jpg, 0, 0, 0, 0, 0, 1
32-Back_jpg.rf.fde909d51746772c3e2967fb55e38906.jpg, 1, 0, 0, 0, 0, 0
16-Right_jpg.rf.fb68006cc2cdb4cbd2477a7b0339d8e3.jpg, 0, 0, 0, 1, 0, 0
5-Top-Down_jpg.rf.fecdd611200b7133a80a3bd97525ea0f.jpg, 0, 0, 0, 0, 0, 1
7-Top-Down_jpg.rf.f9f4946fc4a25fa03fbe0dcac45fdb0d.jpg, 0, 0, 0, 0, 0, 1
11-Top-Down_jpg.rf.ff59147993c42d1fe2193e349d0399b2.jpg, 0, 0, 0, 0, 1, 0
23-Back_jpg.rf.fe7703646c8f8e1f796f037a7fef3dc7.jpg, 0, 1, 0, 0, 0, 0
30-Back_jpg.rf.fc13d0a2cfd157efa636b1971bbb08c9.jpg, 1, 0, 0, 0, 0, 0
1-Left_jpg.rf.f8b6a9641c7741118733657b842974cb.jpg, 0, 1, 0, 0, 0, 0
5-Left_jpg.rf.ff6fa86ed845fb431b4c44e5e69c80d3.jpg, 0, 0, 0, 0, 0, 1
13-Right_jpg.rf.ff620ea6ebfba9b0f2fb2754fb958d56.jpg, 0, 0, 0, 1, 0, 0
20-Front_jpg.rf.fe2cfa7bf4a913873a8420bf24a718ff.jpg, 0, 0, 1, 0, 0, 0
50-Right_jpg.rf.fdf1accf746e63b7a09ed0e4c82b6fe5.jpg, 0, 1, 0, 0, 0, 0
8-Right_jpg.rf.fe318df28cbe5d5aab4c4d5296fa1573.jpg, 0, 0, 0, 0, 0, 1
17-Back_jpg.rf.fec952411c87ca91beff217ee7ae1e87.jpg, 0, 0, 0, 0, 0, 1
9-Back_jpg.rf.b9a421c2ed207846f41ff93942a89f19.jpg, 1, 0, 0, 0, 0, 0
6-Back_jpg.rf.b960e707cf0e35858db6e0717e07a0d2.jpg, 0, 0, 0, 0, 0, 1
1-Right_jpg.rf.b8b8d85c1820e5db235f1f997dbc0a2b.jpg, 0, 0, 0, 0, 0, 1
30-Left_jpg.rf.b940ee34d1e85c479c62aa0a694a2b1c.jpg, 0, 0, 0, 0, 1, 0
14-Back_jpg.rf.badb0d0fc2e1041b1eec9823c324dba4.jpg, 0, 0, 1, 0, 0, 0
21-Top-Down_jpg.rf.b9374a957616f21f4b41e89a4ef65916.jpg, 0, 0, 1, 0, 0, 0
14-Right_jpg.rf.b8dfd3000eb450630480797d99b9db43.jpg, 0, 0, 1, 0, 0, 0
9-Left_jpg.rf.b826530af4445d0c0d2f92984976a546.jpg, 1, 0, 0, 0, 0, 0
20-Front_jpg.rf.ba4bd8c50d782cbd5e5e9f2eaae67a84.jpg, 1, 0, 0, 0, 0, 0
3-Top-Down_jpg.rf.bb403f56b4d8e4791f44b1708e6f302f.jpg, 0, 0, 0, 0, 0, 1
27-Left_jpg.rf.b9d880cecfc130967fca53a8d84c8b25.jpg, 0, 0, 1, 0, 0, 0
15-Top-Down_jpg.rf.b89091ee7a9650d2121fbbca9846f120.jpg, 0, 0, 1, 0, 0, 0
24-Front_jpg.rf.babeca4ae72e2e4a44cbd5fa5225ae90.jpg, 1, 0, 0, 0, 0, 0
36-Left_jpg.rf.ba1d4781fb942064577639466c2ca012.jpg, 0, 0, 1, 0, 0, 0
2-Back_jpg.rf.b969e36b5ff2d5b54d511108c57e5f8e.jpg, 0, 0, 0, 0, 1, 0
51-Left_jpg.rf.bb5d069de724a653dbce35bd9cba3c50.jpg, 0, 1, 0, 0, 0, 0
23-Top-Down_jpg.rf.bbcad95d88549fccbe1e7a8b7a57d59f.jpg, 0, 0, 0, 1, 0, 0
35-Right_jpg.rf.bae7a3ae92058440d38025944dfa89d2.jpg, 0, 0, 1, 0, 0, 0
11-Left_jpg.rf.bb8d906d42fd69594ab92d170be9590e.jpg, 0, 0, 1, 0, 0, 0
27-Top-Down_jpg.rf.bbdfdf1ddbbb9c031b4e1e61be6e8ff2.jpg, 0, 0, 0, 1, 0, 0
33-Back_jpg.rf.bb2422218c09f9aeb4be5025657f6dea.jpg, 1, 0, 0, 0, 0, 0
17-Front_jpg.rf.bc499c5a235b55305135085dea7f4934.jpg, 0, 0, 0, 0, 0, 1
50-Top-Down_jpg.rf.bcdde8f28074034d8c896285e2316e88.jpg, 0, 1, 0, 0, 0, 0
20-Front_jpg.rf.bc6d540282644350b6506adc18ed3efd.jpg, 0, 0, 1, 0, 0, 0
12-Front_jpg.rf.bb50cbc7773366bd723fb87697e3f72c.jpg, 0, 0, 1, 0, 0, 0
33-Right_jpg.rf.bcfc04af2563904f69626299b490f366.jpg, 1, 0, 0, 0, 0, 0
39-Left_jpg.rf.bce908ccdeba94f1b1ae0f33b5c921ff.jpg, 0, 0, 1, 0, 0, 0
36-Front_jpg.rf.be6c3c9070738006f8b1bacbd814f150.jpg, 0, 0, 1, 0, 0, 0
17-Top-Down_jpg.rf.bf493f4747f9014f1ce217068f66c878.jpg, 0, 1, 0, 0, 0, 0
23-Right_jpg.rf.c1506f4c8929616adb1154649f60764e.jpg, 0, 1, 0, 0, 0, 0
3-Back_jpg.rf.bdc97582987d1c5444f57835a4a7f3d1.jpg, 0, 0, 0, 0, 0, 1
38-Right_jpg.rf.bdcc3d67a42e1d406a503185541b7991.jpg, 0, 0, 1, 0, 0, 0
3-Left_jpg.rf.c0bf32302dddf046d13f8e6b01de24e6.jpg, 0, 0, 0, 0, 0, 1
21-Back_jpg.rf.bef1f5b3d12c1e0c0333ef602b63f1cf.jpg, 0, 0, 0, 1, 0, 0
3-Right_jpg.rf.be94cdbf189e6e63fbdd9334765f058d.jpg, 1, 0, 0, 0, 0, 0
35-Top-Down_jpg.rf.bee31c708d67f9b2e50aac1996f19bff.jpg, 0, 0, 1, 0, 0, 0
50-Front_jpg.rf.bdee68ca7036f9e9d2d71f161e69d624.jpg, 0, 1, 0, 0, 0, 0
26-Back_jpg.rf.bf5589ad4a330906d2f338206001b198.jpg, 0, 0, 0, 0, 1, 0
36-Front_jpg.rf.c0d73a378ecf482e52338fb43a6a4d35.jpg, 0, 0, 1, 0, 0, 0
30-Front_jpg.rf.c0e8680e2df1c753228b44171056f155.jpg, 1, 0, 0, 0, 0, 0
26-Top-Down_jpg.rf.bd9b1be63368b534cfe62ad2e587a9e6.jpg, 0, 0, 0, 1, 0, 0
25-Top-Down_jpg.rf.bf1fbc79c90b3718dfab5f5f47595e61.jpg, 0, 0, 0, 0, 1, 0
20-Top-Down_jpg.rf.c2a49fbe8e385ebad1719a25ca076505.jpg, 1, 0, 0, 0, 0, 0
16-Back_jpg.rf.c1a5dee2023a193e75ad001340997672.jpg, 0, 0, 0, 1, 0, 0
26-Top-Down_jpg.rf.bdf1ddddbaf63f95356cc3407c1107d2.jpg, 0, 0, 0, 1, 0, 0
14-Front_jpg.rf.c0807e216ae907c622b25ad8c282d103.jpg, 0, 0, 1, 0, 0, 0
24-Front_jpg.rf.bdc9a4c351cb834daea0acbb6aa72831.jpg, 1, 0, 0, 0, 0, 0
11-Back_jpg.rf.be21828a4795b9c3058d7f642afec73b.jpg, 0, 0, 0, 1, 0, 0
16-Left_jpg.rf.bcfbd6558091967ee42775ea4ad80af0.jpg, 0, 0, 1, 0, 0, 0
34-Back_jpg.rf.c3b3b8364617e7d5ff31eb87c802b01b.jpg, 0, 0, 1, 0, 0, 0
29-Front_jpg.rf.c2e1b3838d1bd3b9fa84a0737ceeb371.jpg, 0, 1, 0, 0, 0, 0
11-Back_jpg.rf.c30fc8102a17736eeab41ca2a3a73be8.jpg, 0, 0, 0, 1, 0, 0
23-Left_jpg.rf.c033c18da8fc19542ed89880bead32fd.jpg, 0, 0, 0, 1, 0, 0
1-Left_jpg.rf.c36a001dab2f94db3bac34e1fc6e0c7d.jpg, 0, 1, 0, 0, 0, 0
39-Back_jpg.rf.c54727fcacff2a6d31e44a35c568efd5.jpg, 0, 1, 0, 0, 0, 0
13-Left_jpg.rf.c6e657f935e2caf0772189aec55a9512.jpg, 0, 0, 0, 1, 0, 0
16-Right_jpg.rf.c66c360326798944982c64183fda88dd.jpg, 0, 0, 0, 0, 0, 1
39-Top-Down_jpg.rf.c4d8a3e45f7aabc0e9c07a27e1507f59.jpg, 0, 0, 1, 0, 0, 0
3-Top-Down_jpg.rf.c614fcebbecd473fe2ead706242847ba.jpg, 1, 0, 0, 0, 0, 0
15-Top-Down_jpg.rf.c6c86f1043cc84c7cbf5232b45d262b5.jpg, 0, 0, 0, 0, 0, 1
1-Right_jpg.rf.c4c2c26fcef08b1bed39f69d2fc5dcee.jpg, 1, 0, 0, 0, 0, 0
36-Left_jpg.rf.c6f6049b928dae406d2d250171d61239.jpg, 0, 0, 1, 0, 0, 0
28-Left_jpg.rf.c5ad0d1103e317004ef8a149eb661488.jpg, 0, 0, 0, 0, 1, 0
21-Left_jpg.rf.c5e4ca66e360a13cb8cda9e436e84afa.jpg, 0, 0, 0, 0, 1, 0
31-Top-Down_jpg.rf.c65de41789e26eee5dae7f9b7d22100d.jpg, 0, 0, 1, 0, 0, 0
31-Right_jpg.rf.c6acc75807ffc8df026d63ca561b6e45.jpg, 0, 0, 1, 0, 0, 0
2-Top-Down_jpg.rf.c5fdeb1b9775c56b46ab07e17d6e6bd9.jpg, 0, 0, 0, 0, 1, 0
19-Right_jpg.rf.c3b99447303c54077c8a319c56049e0e.jpg, 0, 0, 0, 0, 1, 0
32Left_jpg.rf.c7cc5a0cd10d146b0f949c47f0f1d5e5.jpg, 1, 0, 0, 0, 0, 0
18-Right_jpg.rf.c7fddf5b4a5a14fb3b326bea9f064739.jpg, 1, 0, 0, 0, 0, 0
14-Right_jpg.rf.c864005debafe43b15c02722f0f225b3.jpg, 0, 0, 1, 0, 0, 0
6-Right_jpg.rf.c3b76d9ee6bef696b2de10524ef0d933.jpg, 0, 1, 0, 0, 0, 0
7-Back_jpg.rf.c28b4bf8e0cc836f618faca77402040b.jpg, 0, 0, 1, 0, 0, 0
6-Left_jpg.rf.c46efb81e0b80c7e44bf83ad3157a499.jpg, 0, 0, 0, 1, 0, 0
7-Back_jpg.rf.c3bd38a669358d77e34608871cf67e90.jpg, 0, 0, 0, 0, 0, 1
16-Left_jpg.rf.c7ef0d729ead9ecc0f5aba7b6e9ae9b4.jpg, 0, 0, 1, 0, 0, 0
39-Top-Down_jpg.rf.c8298bc4d45be6183e458736cd5a394e.jpg, 0, 0, 1, 0, 0, 0
12-Back_jpg.rf.c933112f7ef3fb3656277dd4558dd771.jpg, 0, 0, 0, 0, 0, 1
34-Left_jpg.rf.c9c9f8412a73d836fc61868b42ad59fd.jpg, 0, 1, 0, 0, 0, 0
24-Right_jpg.rf.c935460d39e5b7cc40f3536351312830.jpg, 0, 0, 0, 1, 0, 0
19-Left_jpg.rf.c906caf6f81c935287c0e87d0b4b1d60.jpg, 1, 0, 0, 0, 0, 0
11-Back_jpg.rf.cad9ed2c23fb8b04762331bcdba88900.jpg, 0, 0, 0, 0, 1, 0
7-Front_jpg.rf.ca4efe4187a9b4a65f93c7b8a1bad7a3.jpg, 0, 0, 1, 0, 0, 0
57-Back_jpg.rf.cb3b6239bd4cd90e4a641e1014a507d7.jpg, 0, 1, 0, 0, 0, 0
8-Front_jpg.rf.ca5723c8cb8dda192f1f9593c564523b.jpg, 0, 0, 0, 0, 0, 1
5-Back_jpg.rf.ca900de79defcc28ca552dd240c0da47.jpg, 0, 0, 0, 0, 1, 0
6-Right_jpg.rf.cc90cccba9b10b8b0413b183cdf7391a.jpg, 1, 0, 0, 0, 0, 0
36-Left_jpg.rf.cc88a2d10f5b49fdc498a8c3b3308e5f.jpg, 0, 0, 1, 0, 0, 0
20-Top-Down_jpg.rf.cb3970e80db5e9af21d05521f678ae7a.jpg, 1, 0, 0, 0, 0, 0
4-Front_jpg.rf.ca658b8b6613f75c72abcaaec2741024.jpg, 0, 0, 0, 0, 1, 0
5-Front_jpg.rf.cc72be82decf155621b4b1699e9a2b02.jpg, 0, 0, 0, 0, 1, 0
4-Right_jpg.rf.c9e84a9f8d073be7d95b0f749d15a5f2.jpg, 0, 0, 0, 0, 1, 0
9-Right_jpg.rf.cd8b5be4f53aa4121ec40d9cba2f25a3.jpg, 0, 0, 0, 0, 0, 1
24-Back_jpg.rf.cd332a4612d55b0c9bf663d69e7f0630.jpg, 0, 0, 0, 1, 0, 0
2-Right_jpg.rf.ccad82900d670e5f4539d355fb65072c.jpg, 0, 1, 0, 0, 0, 0
16-Back_jpg.rf.caae5d123cf4f87d7b94ba951fd33c1d.jpg, 0, 0, 0, 0, 1, 0
14-Back_jpg.rf.cbb8d59ef27d79599eb2d31dcabe3820.jpg, 0, 0, 0, 0, 1, 0
1-Back_jpg.rf.cc864901d665a242ed5d311d1d859063.jpg, 0, 0, 0, 1, 0, 0
2-Left_jpg.rf.cd1c3b570f823a229cf7814b6cd2cc85.jpg, 1, 0, 0, 0, 0, 0
26-Front_jpg.rf.cdb847a0979a24a6e6d9bd17d384552d.jpg, 0, 0, 0, 1, 0, 0
16-Back_jpg.rf.cd99cdd092590fd5960d620777052790.jpg, 0, 0, 0, 0, 0, 1
39-Top-Down_jpg.rf.d0377bd81671acb2f5d4573a9fcd859f.jpg, 0, 1, 0, 0, 0, 0
48-Right_jpg.rf.cce9ca847fa41085a9fc8f1bdcc0f9e3.jpg, 0, 1, 0, 0, 0, 0
24-Back_jpg.rf.d04ffa19fa9da88c2ade285af3f9cf37.jpg, 0, 0, 0, 1, 0, 0
23-Front_jpg.rf.cd744696cd05c872766324c58bf60a5a.jpg, 1, 0, 0, 0, 0, 0
17-Left_jpg.rf.cd37a2879169e5c34c5996f51702a894.jpg, 0, 1, 0, 0, 0, 0
36-Right_jpg.rf.d044c904a9337f0960049a9860169969.jpg, 1, 0, 0, 0, 0, 0
33-Top-Down_jpg.rf.cd0e66a8304e7022bbfee1718f80e477.jpg, 1, 0, 0, 0, 0, 0
13-Back_jpg.rf.cfc6ce4058705e9e9facffffc35c6934.jpg, 1, 0, 0, 0, 0, 0
18-Left_jpg.rf.d1fbd177697d32a4f2657c5e5f4f264d.jpg, 0, 0, 0, 1, 0, 0
3-Front_jpg.rf.d121aeb6c6bf21c206c9968b6a0ca4f7.jpg, 1, 0, 0, 0, 0, 0
34-Left_jpg.rf.ce8866de5125995b2966b215ecfa3abf.jpg, 0, 0, 1, 0, 0, 0
21-Right_jpg.rf.cf4a6cb55978a040bed0a63c99d65460.jpg, 0, 0, 0, 1, 0, 0
9-Left_jpg.rf.d2fd199393a47cdf485c903ee6bf9228.jpg, 1, 0, 0, 0, 0, 0
55-Back_jpg.rf.d15270faab4e0e0c4c34d6cce9407acc.jpg, 0, 1, 0, 0, 0, 0
35-Back_jpg.rf.cde078b84d4d9ef4d867288d34ee3c7a.jpg, 1, 0, 0, 0, 0, 0
13-Top-Down_jpg.rf.d1f09672bf74746d3a596f4b33e387c7.jpg, 1, 0, 0, 0, 0, 0
18-Right_jpg.rf.cad35030ac3f47b47007aab0f6abd519.jpg, 0, 0, 0, 0, 1, 0
21-Right_jpg.rf.d21aad44d18df330ae9a2447415cebb4.jpg, 1, 0, 0, 0, 0, 0
31-Top-Down_jpg.rf.d3061a38b99da0771d44a9a699dda5d8.jpg, 1, 0, 0, 0, 0, 0
12-Back_jpg.rf.d0e7235b3d34d41772f41ee1b1385e9b.jpg, 0, 0, 1, 0, 0, 0
39-Left_jpg.rf.d2bfb3bf3fca3b462fe35e194c02250a.jpg, 0, 1, 0, 0, 0, 0
27-Left_jpg.rf.d11d890bbf620d1aab58d3ed36778720.jpg, 1, 0, 0, 0, 0, 0
4-Right_jpg.rf.d21e50f86cf54f810ffe883ad2c5e533.jpg, 0, 0, 0, 0, 0, 1
15-Right_jpg.rf.d381f1c7f2d8ed7b25780727fd801ca2.jpg, 0, 0, 0, 1, 0, 0
34-Front_jpg.rf.d2ae7711abae5eef1a2f46685b1f332e.jpg, 0, 0, 1, 0, 0, 0
2-Right_jpg.rf.d290057b9d3c598dd20019a2fa8b3665.jpg, 0, 0, 0, 0, 0, 1
2-Top-Down_jpg.rf.d272666f5222c4d16037fd00c9c69b2d.jpg, 1, 0, 0, 0, 0, 0
34-Back_jpg.rf.d52c24f5e55e9bc4b18ceb433439eea4.jpg, 0, 1, 0, 0, 0, 0
39-Left_jpg.rf.d07711195c9d21d92bd335d25cfdbf84.jpg, 0, 0, 1, 0, 0, 0
16-Front_jpg.rf.d35692bb5db85cd50d75c40df5b95610.jpg, 0, 0, 1, 0, 0, 0
57-Front_jpg.rf.d3ed7673b9cd9f3d217ddb3d3bb9f624.jpg, 0, 1, 0, 0, 0, 0
30-Right_jpg.rf.d3a3c5b77e5909fd2886bbe371c72cb5.jpg, 1, 0, 0, 0, 0, 0
24-Top-Down_jpg.rf.d4f68345b9371fb2f7823b2936412ae4.jpg, 0, 0, 0, 1, 0, 0
10-Right_jpg.rf.d497ec31c16ceedb9fe7602d2db025db.jpg, 0, 0, 1, 0, 0, 0
14-Top-Down_jpg.rf.d54ee95348bad67d78d01041ad4347ab.jpg, 0, 0, 0, 0, 0, 1
7-Left_jpg.rf.d59be66cec8e67182baa504c7c584d46.jpg, 0, 0, 0, 0, 0, 1
10-Back_jpg.rf.d5385b9ebf086faebca59863efe05057.jpg, 0, 0, 1, 0, 0, 0
3-Back_jpg.rf.d5d4b3d23295419036a4a8dc2caf9ba7.jpg, 1, 0, 0, 0, 0, 0
37-Right_jpg.rf.d66920bac215e76225fab134a81818c3.jpg, 1, 0, 0, 0, 0, 0
30-Front_jpg.rf.d5cec7416094fa76de5d26e9ea6cb6e9.jpg, 1, 0, 0, 0, 0, 0
16-Left_jpg.rf.d640fead4490bc7054ba6cd88ff7a6d5.jpg, 0, 0, 0, 1, 0, 0
2-Right_jpg.rf.d461bf9164108c44c4650417e513ff8f.jpg, 0, 0, 0, 0, 0, 1
31Front_jpg.rf.d3e0acc9ccabdff1841e2d6f9540b2ce.jpg, 1, 0, 0, 0, 0, 0
39-Right_jpg.rf.d4658757f8c2c5a1ab4ea28f65be9da3.jpg, 0, 0, 1, 0, 0, 0
13-Front_jpg.rf.d68d6f33eb00cae48f0e5aacf9bb52cc.jpg, 0, 0, 0, 1, 0, 0
16-Right_jpg.rf.d65a7d2c227143be8410a90c25f11990.jpg, 0, 0, 1, 0, 0, 0
37-Back_jpg.rf.d67e6f0a635c7d7fb81248d7c3c89396.jpg, 1, 0, 0, 0, 0, 0
34-Back_jpg.rf.d6be64a52adcbc9103908aa2252810a5.jpg, 0, 0, 1, 0, 0, 0
31-Right_jpg.rf.d80bdb0ac2ebc4faacd3fd1807e56e63.jpg, 0, 0, 1, 0, 0, 0
23-Back_jpg.rf.d6a7a54e6291ff3a31e7b20e889aa093.jpg, 0, 0, 1, 0, 0, 0
11-Back_jpg.rf.d4ab2cb49bb2ae09967a744e9be30b29.jpg, 0, 0, 0, 0, 1, 0
14-Right_jpg.rf.d7058a9859e79b754b826d67d30a1ec8.jpg, 1, 0, 0, 0, 0, 0
39-Back_jpg.rf.d8c2636c24b127ccbd86c71747bd7c75.jpg, 0, 0, 1, 0, 0, 0
23-Front_jpg.rf.d7f5f4c157f92d5c66c624714fee5ad2.jpg, 0, 0, 0, 1, 0, 0
23-Top-Down_jpg.rf.d7b18082135ef4af525823aa055ab099.jpg, 0, 0, 0, 0, 1, 0
17-Front_jpg.rf.d7d35cc7b7181bbb7ffd486e95075f89.jpg, 0, 0, 0, 0, 0, 1
18-Front_jpg.rf.d79d6e87075375c51ebbaf5b1c5d4ce8.jpg, 0, 0, 1, 0, 0, 0
29-Front_jpg.rf.d884805543f9a7a53bfb11585a38225e.jpg, 0, 0, 0, 0, 1, 0
29-Back_jpg.rf.d8a86b7fdd858f4b473f5d2cf69a25b7.jpg, 0, 0, 0, 0, 1, 0
23-Back_jpg.rf.d8f65560f73a4084f82688b64e24921d.jpg, 0, 1, 0, 0, 0, 0
2-Right_jpg.rf.d84393a74917105ad970962ff2e37e3d.jpg, 1, 0, 0, 0, 0, 0
12-Right_jpg.rf.d8f37be95d61d32b594171d19e671871.jpg, 0, 0, 1, 0, 0, 0
29-Left_jpg.rf.d847a8a768441ec08161ece3213df32f.jpg, 0, 1, 0, 0, 0, 0
50-Left_jpg.rf.d97a953e6bea6315fadc2d77f5d380a9.jpg, 0, 1, 0, 0, 0, 0
30-Front_jpg.rf.d9c5fb087c24909b81355d07b8f06c2a.jpg, 0, 0, 0, 0, 1, 0
37-Top-Down_jpg.rf.da6dbb585e1011e98d3a8efe5c923589.jpg, 0, 1, 0, 0, 0, 0
26-Left_jpg.rf.d9e4e9c48ad4fe22256cc5544389d837.jpg, 0, 0, 0, 0, 1, 0
37-Right_jpg.rf.d9f7392d37f729cd7708efa923f9bf1c.jpg, 0, 0, 1, 0, 0, 0
13-Top-Down_jpg.rf.d97f50a7d24c2772a63aa3d2a711b701.jpg, 1, 0, 0, 0, 0, 0
15-Left_jpg.rf.d85d86b0ef531f674ca6941947a2a121.jpg, 0, 0, 1, 0, 0, 0
7-Top-Down_jpg.rf.d72d31245e089a0dbcfa539aa074656e.jpg, 0, 0, 0, 1, 0, 0
13-Right_jpg.rf.d56a3d83de7fb8d78a49b597d0498c75.jpg, 0, 0, 0, 1, 0, 0
36-Left_jpg.rf.d9a1eb51635efa7712996a27e683d37d.jpg, 1, 0, 0, 0, 0, 0
6-Left_jpg.rf.d59e87c3c17d48e5e60ad14cea8e940d.jpg, 0, 0, 0, 0, 0, 1
1-Front_jpg.rf.da551815882f66ce86deaa8ba024234b.jpg, 1, 0, 0, 0, 0, 0
23-Top-Down_jpg.rf.da4b4aa7af55e1757d008a71eb136297.jpg, 0, 1, 0, 0, 0, 0
51-Right_jpg.rf.da647b9d3b06c4e947eb98fce4fff7d9.jpg, 0, 1, 0, 0, 0, 0
9-Front_jpg.rf.d84d529cab9b35215b46718a4b0cd382.jpg, 0, 0, 0, 0, 0, 1
9-Back_jpg.rf.da64b013470267266fee8330f48591b7.jpg, 0, 0, 0, 0, 0, 1
36-Back_jpg.rf.daad669856ff3f891120dea10c2fa77a.jpg, 1, 0, 0, 0, 0, 0
18-Left_jpg.rf.dafedeb21d534cd19cdcd16b8b8b8278.jpg, 0, 0, 0, 1, 0, 0
34-Top-Down_jpg.rf.da445cff797fd1afb4805d86e350c156.jpg, 0, 1, 0, 0, 0, 0
3-Left_jpg.rf.d9bbde417f540f8e1a2e812e1f79919c.jpg, 0, 0, 0, 0, 0, 1
18-Front_jpg.rf.db0c7aae2a9af50fe379a95edc1f5583.jpg, 0, 0, 0, 0, 1, 0
16-Front_jpg.rf.daf63cbbec0dcd71c1f67946a36e14ae.jpg, 0, 0, 0, 0, 1, 0
16-Back_jpg.rf.db792a7c1b93c4b4fae47d4db42e271e.jpg, 0, 0, 0, 0, 0, 1
11-Left_jpg.rf.dc5bf60ba338d265f9a5b77006d307c6.jpg, 0, 0, 1, 0, 0, 0
16-Right_jpg.rf.dbe2c3c9a1a09f81aea6b09d7f460825.jpg, 0, 0, 0, 0, 1, 0
11-Back_jpg.rf.dcc38536eec61a8e20e495e6b0f86964.jpg, 0, 0, 1, 0, 0, 0
15-Front_jpg.rf.dd3dc7a56f33e9dff9e000ba270354cc.jpg, 0, 0, 0, 0, 0, 1
4-Top-Down_jpg.rf.dd14aafa52cd576a5234ad8efcebc0f9.jpg, 0, 1, 0, 0, 0, 0
51-Back_jpg.rf.df78849ac3de102e1a0cd93ab340e187.jpg, 0, 1, 0, 0, 0, 0
29-Top-Down_jpg.rf.dc6a4f86dcc4e498e623fb2b2f38856b.jpg, 0, 0, 1, 0, 0, 0
19-Front_jpg.rf.de6b9a693fa3c38ff603af0e60440aff.jpg, 1, 0, 0, 0, 0, 0
23-Front_jpg.rf.dc0b8d4792ca0931663e8b6517bc0bdf.jpg, 0, 0, 0, 0, 1, 0
13-Left_jpg.rf.de070229b455139f8ec8bce7d25d24ba.jpg, 0, 0, 0, 0, 0, 1
36-Back_jpg.rf.dc818caedb9967bbd577b53f510e2f2d.jpg, 1, 0, 0, 0, 0, 0
11-Right_jpg.rf.e063e683b893417b678bad89a449faa7.jpg, 0, 0, 0, 0, 0, 1
55-Back_jpg.rf.e119c42aea3ece4d33b658ad94c55522.jpg, 0, 1, 0, 0, 0, 0
27-Front_jpg.rf.ddece43b140fa2c93eb2d1a56aca0938.jpg, 0, 0, 1, 0, 0, 0
2-Back_jpg.rf.dcd0aa85ec2afa6e5e952b77bcd942e9.jpg, 1, 0, 0, 0, 0, 0
27-Right_jpg.rf.e0f660b0756875d048ea9ddcdde3a70a.jpg, 0, 0, 0, 0, 1, 0
12-Left_jpg.rf.e0ce2675df6615a9801946b445d4e450.jpg, 0, 1, 0, 0, 0, 0
2-Right_jpg.rf.db3359a2099439cf2101ec1786004779.jpg, 0, 1, 0, 0, 0, 0
39-Top-Down_jpg.rf.df0f1c750355c5d8493544f6cf4e23d9.jpg, 0, 1, 0, 0, 0, 0
24-Front_jpg.rf.e0cf9edef4d958cf1b128f3a775c41c4.jpg, 0, 0, 0, 1, 0, 0
19-Front_jpg.rf.e1e8dde9f0283ee109ebe14600047d96.jpg, 1, 0, 0, 0, 0, 0
24-Front_jpg.rf.df2525c2dfaddd6fc2e1ba92e74ae156.jpg, 1, 0, 0, 0, 0, 0
27-Left_jpg.rf.debf48044c9e59002baa8a640bc2190a.jpg, 0, 0, 1, 0, 0, 0
36-Front_jpg.rf.e3118e4bd052e02c22b470b6b9c52e32.jpg, 1, 0, 0, 0, 0, 0
17-Left_jpg.rf.e0c898869b994d73dae97fa4e7f74f99.jpg, 1, 0, 0, 0, 0, 0
38-Top-Down_jpg.rf.e23315abc77f42dc334fcba4c99907c5.jpg, 0, 0, 1, 0, 0, 0
19-Right_jpg.rf.e09f696685cf6389e786fbbbc38b80c9.jpg, 0, 0, 0, 0, 1, 0
28-Front_jpg.rf.e3b2e03bec4467df86149deb01038661.jpg, 0, 0, 0, 0, 1, 0
37-Front_jpg.rf.e52a1b0dca1492e6b6fc97e1340d13d8.jpg, 1, 0, 0, 0, 0, 0
28-Top-Down_jpg.rf.dfe7ad14f48d73553ef4b8bb56082c28.jpg, 1, 0, 0, 0, 0, 0
5-Right_jpg.rf.e5aae41385067323335ed1b1f0671643.jpg, 0, 0, 0, 0, 1, 0
4-Top-Down_jpg.rf.e3617d84e6db094c2e677f6135d94dd1.jpg, 0, 1, 0, 0, 0, 0
12-Left_jpg.rf.e014665e66e14bc841bdbeeb39cfa3ce.jpg, 0, 1, 0, 0, 0, 0
2-Front_jpg.rf.e39ca641c98525f984750f135a3c68f2.jpg, 0, 0, 0, 0, 0, 1
13-Front_jpg.rf.e5f6babfbce35087f74f7f6b1a7711c8.jpg, 0, 0, 0, 0, 1, 0
14-Back_jpg.rf.e2096b9d44e50074babe785d2fd4fd80.jpg, 0, 0, 0, 0, 0, 1
2-Top-Down_jpg.rf.e688181aef616deffbc42b45c1efbf55.jpg, 0, 0, 0, 1, 0, 0
2-Front_jpg.rf.e6691d35c696bc3d2372847680a6f6bb.jpg, 0, 0, 0, 1, 0, 0
24-Left_jpg.rf.e3b0a4ab8c58c381e94c1627e652acba.jpg, 0, 0, 1, 0, 0, 0
1-Left_jpg.rf.e070b258d9cc423a9e4d8bc2812d48ad.jpg, 0, 0, 0, 1, 0, 0
31-Back_jpg.rf.e7312ff739dae78d8029bb4a067890ff.jpg, 0, 1, 0, 0, 0, 0
14-Back_jpg.rf.e59e8cff51b851f1a8edef8e6214b052.jpg, 0, 0, 0, 0, 1, 0
23-Right_jpg.rf.e6770a760bf5f2ebb92a8014fd9318ed.jpg, 0, 1, 0, 0, 0, 0
25-Front_jpg.rf.e783eee5d1ead828438dc015773994d9.jpg, 0, 0, 0, 0, 1, 0
26-Back_jpg.rf.e6d10c42d12cc00ffd257c8f5b7506d2.jpg, 0, 0, 0, 1, 0, 0
17-Left_jpg.rf.e718ad7259ac5fada289fd6f2238ab4d.jpg, 0, 0, 0, 0, 0, 1
31-Front_jpg.rf.e6e4a904a8b4f0cb0670e9615a524133.jpg, 0, 1, 0, 0, 0, 0
14-Right_jpg.rf.e95f5462a9c088c123fdd4e3db2bfa52.jpg, 0, 0, 0, 0, 0, 1
5-Top-Down_jpg.rf.e73bb4bba962aa74f5e0ddfddca7d31d.jpg, 0, 0, 0, 0, 1, 0
31-Right_jpg.rf.e78f78e96d8f87a07f9c4768e2f23c34.jpg, 0, 1, 0, 0, 0, 0
18-Front_jpg.rf.e53ec0de7bf0a22959b44b3abc0b9a08.jpg, 0, 0, 0, 1, 0, 0
1-Back_jpg.rf.e786f72b31573f853f80788d60fbc965.jpg, 0, 0, 1, 0, 0, 0
1-Right_jpg.rf.e90188d9e104281658cda7f6ddcaf3dc.jpg, 1, 0, 0, 0, 0, 0
14-Top-Down_jpg.rf.e8bafc42f90df126459bd538ae9c3adc.jpg, 0, 0, 0, 0, 1, 0
20-Left_jpg.rf.e942d535e24865bbbdaee1b1bbdc2f0f.jpg, 0, 0, 0, 0, 1, 0
26-Top-Down_jpg.rf.e8929e9d06e4e02644c0b5b1b770210a.jpg, 0, 0, 0, 1, 0, 0
16-Right_jpg.rf.e42acce3bd36ec8650f623b2fb3b5741.jpg, 0, 0, 0, 0, 0, 1
38-Left_jpg.rf.e957634cffe531f977021a0d9bf3a2fe.jpg, 0, 0, 1, 0, 0, 0
5-Front_jpg.rf.e9539bc26e5b797fc2c7af0940795199.jpg, 0, 0, 0, 0, 1, 0
25-Left_jpg.rf.e94a4b1e2752833c87bf0301f2db2bcc.jpg, 0, 0, 0, 0, 1, 0
39-Left_jpg.rf.e933cafa73724ae51771ff2087e196e3.jpg, 0, 1, 0, 0, 0, 0
23-Back_jpg.rf.e80007d1242bd369003a07d7c9e55035.jpg, 0, 0, 0, 0, 1, 0
21-Left_jpg.rf.e96db6258a03106646a6a244da2da10c.jpg, 0, 0, 0, 1, 0, 0
20-Back_jpg.rf.5923cdc888d97a815a330efe133dbf93.jpg, 0, 0, 0, 1, 0, 0
22-Back_jpg.rf.59157598bb06df22558fc38518c27f13.jpg, 1, 0, 0, 0, 0, 0
19-Top-Down_jpg.rf.597a68182bcc59014482e43f78dfc886.jpg, 1, 0, 0, 0, 0, 0
11-Back_jpg.rf.57637f4b18de8ad92f9d812bc672ad91.jpg, 0, 0, 0, 0, 0, 1
35-Back_jpg.rf.591ce8a33df4a8ee4eb388315febedf9.jpg, 0, 0, 1, 0, 0, 0
8-Front_jpg.rf.56be3a67451da3de6b9289abe2badc32.jpg, 0, 0, 0, 0, 0, 1
9-Top-Down_jpg.rf.59c9f1491f3bd501a28df415a16bb8de.jpg, 1, 0, 0, 0, 0, 0
18-Front_jpg.rf.570d880ddd8dd5f87da547b8a493d039.jpg, 0, 0, 1, 0, 0, 0
9-Top-Down_jpg.rf.578480886bf97060c5a2103e3a47c6a2.jpg, 0, 0, 0, 0, 0, 1
17-Back_jpg.rf.594ec3e79352fac31deefcb9efdaad1a.jpg, 0, 0, 0, 0, 0, 1
57-Front_jpg.rf.5926c0c7196af45aea33828fabba22e5.jpg, 0, 1, 0, 0, 0, 0
19-Back_jpg.rf.5976ab064fb3ba8a0348041127507d5c.jpg, 0, 0, 0, 0, 1, 0
21-Front_jpg.rf.599f86b5f0086e83811a0c5ea59abcfb.jpg, 0, 0, 0, 1, 0, 0
8-Left_jpg.rf.579e70a21e0530af0f85d5b36fd3cf58.jpg, 0, 0, 0, 1, 0, 0
1-Left_jpg.rf.59a6f6d5810c92f66c2613489c0f7e6f.jpg, 0, 1, 0, 0, 0, 0
12-Back_jpg.rf.569db604a8f47cd90acf1e3a0d26282f.jpg, 0, 1, 0, 0, 0, 0
8-Back_jpg.rf.5a1d0341df8fa954bbfef40a21668954.jpg, 0, 0, 0, 0, 0, 1
48-Front_jpg.rf.57851c4614e7485bd06c3ecfae3e3405.jpg, 0, 1, 0, 0, 0, 0
12-Top-Down_jpg.rf.5bd91023be88bfe9a3d6f012a5df6af8.jpg, 0, 0, 0, 0, 0, 1
27-Back_jpg.rf.584a4561ddfea2ac3e00fca436f69327.jpg, 1, 0, 0, 0, 0, 0
30-Top-Down_jpg.rf.58f12e985208b8dc9f93ec55f5eddd2e.jpg, 0, 0, 0, 0, 1, 0
7-Left_jpg.rf.5abe14502566d850d8ce5b533d0ae55b.jpg, 0, 0, 1, 0, 0, 0
8-Top-Down_jpg.rf.582ce4cd454262fbd99a6012bd7ba85a.jpg, 0, 0, 0, 0, 0, 1
27-Back_jpg.rf.5aa35ad6edf4516d488e7a40defb2731.jpg, 0, 0, 1, 0, 0, 0
14-Top-Down_jpg.rf.573e3978ac93ba1e8472c29ba9121230.jpg, 0, 0, 0, 0, 1, 0
2-Left_jpg.rf.5c36e0cc0fce0093e8374d2183feecbe.jpg, 0, 0, 0, 0, 1, 0
50-Front_jpg.rf.5ca8b639a74c1197bbf1b51e886f4724.jpg, 0, 1, 0, 0, 0, 0
16-Top-Down_jpg.rf.5c99f3eeb93fb47e1c277a382f57e26c.jpg, 0, 0, 0, 0, 1, 0
8-Front_jpg.rf.5be5902bcb6cbd72677b2d61a2c5a537.jpg, 0, 0, 0, 1, 0, 0
1-Back_jpg.rf.5bfa4ee0c221cc5b932d19c756707c35.jpg, 0, 0, 1, 0, 0, 0
17-Right_jpg.rf.5cdd9a6e4128cccca69cc18110c42f1a.jpg, 0, 1, 0, 0, 0, 0
23-Top-Down_jpg.rf.5c5352ffc0d612793817d47e0f014850.jpg, 0, 0, 0, 1, 0, 0
2-Front_jpg.rf.5e264aa6cf4c7c3d7dd5c964dec1f57b.jpg, 0, 0, 0, 1, 0, 0
15-Right_jpg.rf.5eaf910e67aedaee7b0544cede2ccf62.jpg, 0, 0, 0, 0, 1, 0
17-Back_jpg.rf.5e4b49457d78501c96c976b58d4d6f16.jpg, 0, 0, 0, 0, 0, 1
25-Top-Down_jpg.rf.5ea4fb00ecdfac9e79e00a975556eed0.jpg, 0, 0, 0, 0, 1, 0
4-Right_jpg.rf.5dc8b3407790781b20d499443a8a33a4.jpg, 0, 0, 0, 0, 0, 1
21-Front_jpg.rf.5cb701805ff7288d7eb528aacfc1930b.jpg, 0, 0, 0, 1, 0, 0
15-Back_jpg.rf.5d33be62a642b1d6ed0a9c59a9731c55.jpg, 0, 0, 1, 0, 0, 0
23-Top-Down_jpg.rf.5e17b85424207ec63bcf65525843b888.jpg, 1, 0, 0, 0, 0, 0
22-Left_jpg.rf.5f1109d995c1b5108ace41b61dce5c51.jpg, 0, 0, 0, 1, 0, 0
24-Left_jpg.rf.5e4c7e52b031b3d0e3eae9106c42f66b.jpg, 0, 1, 0, 0, 0, 0
28-Top-Down_jpg.rf.5f862a6687fee0286f9dbb7335993615.jpg, 1, 0, 0, 0, 0, 0
24-Right_jpg.rf.5f6a191dda57ad1f26b753dcf9c7ae2e.jpg, 0, 0, 0, 1, 0, 0
7-Top-Down_jpg.rf.5eed630cde8c4b5724a28d7c3e250640.jpg, 0, 0, 1, 0, 0, 0
23-Top-Down_jpg.rf.60625e7ed0f623e630cb99d203a01205.jpg, 0, 1, 0, 0, 0, 0
29-Right_jpg.rf.5e7a75cf6d1561be984d75151553ccb9.jpg, 0, 0, 0, 0, 1, 0
39-Top-Down_jpg.rf.60dac7b051928c43bc5869df911932a3.jpg, 0, 0, 1, 0, 0, 0
19-Front_jpg.rf.5f86698ee838393390a4473688759724.jpg, 0, 0, 0, 0, 1, 0
13-Back_jpg.rf.61b5fd834e5a206a1d6035a3cc166ce2.jpg, 0, 0, 0, 1, 0, 0
26-Right_jpg.rf.5d4b32cd662e05a9b2c7feadda08042c.jpg, 0, 0, 0, 0, 1, 0
18-Left_jpg.rf.608f743d5f943009ef1f63e55a30b052.jpg, 1, 0, 0, 0, 0, 0
35-Left_jpg.rf.61c3d0acfea10bd99eba0cf2d90ac7ab.jpg, 1, 0, 0, 0, 0, 0
29-Left_jpg.rf.61348b86018834d9b5093f058732a34c.jpg, 0, 1, 0, 0, 0, 0
38-Back_jpg.rf.5f97a34fe547c8426377c949e6d9dfb1.jpg, 0, 0, 1, 0, 0, 0
32Top-Down_jpg.rf.60eaf972946cb57cc430dccd092e9adc.jpg, 1, 0, 0, 0, 0, 0
15-Right_jpg.rf.5fcd26a3a22e4e5b819af77fb910d509.jpg, 0, 0, 0, 1, 0, 0
37-Top-Down_jpg.rf.5cea1aad6a2f9c01f97cc277a0be13fc.jpg, 0, 0, 1, 0, 0, 0
12-Left_jpg.rf.62a033e76054a0c6d617a24f38e4fced.jpg, 0, 0, 1, 0, 0, 0
16-Left_jpg.rf.635fa18a14a05217340d1bdd7aaed69a.jpg, 0, 0, 0, 1, 0, 0
54-Front_jpg.rf.5fa2948b00ca4b66cba95f77214a86fb.jpg, 0, 1, 0, 0, 0, 0
14-Back_jpg.rf.631636dbd77468b591901178454041c9.jpg, 0, 0, 0, 0, 0, 1
20-Top-Down_jpg.rf.61ba8cc1fb268358b69bee10dc183c5b.jpg, 0, 0, 0, 0, 1, 0
12-Front_jpg.rf.61653a1c588dc2e367ddf650528ec537.jpg, 0, 0, 1, 0, 0, 0
29-Front_jpg.rf.62a0887621ebb06cf69c566ab438b97b.jpg, 0, 0, 0, 0, 1, 0
23-Top-Down_jpg.rf.60dce6c80dc9f53348a2ea715bc67d8a.jpg, 0, 0, 0, 0, 1, 0
34-Left_jpg.rf.634f3dffe967f5869043eb4c05c3ecfa.jpg, 0, 1, 0, 0, 0, 0
17-Top-Down_jpg.rf.6323f4529836f3c185c98919ef912440.jpg, 0, 0, 0, 1, 0, 0
37-Right_jpg.rf.5ea6d19c607dcd565fcc79a1c38b3683.jpg, 0, 0, 1, 0, 0, 0
21-Top-Down_jpg.rf.63a41cff2ec16a0c41db5d21da04927c.jpg, 0, 0, 1, 0, 0, 0
34-Right_jpg.rf.63b6bbf4d197dfa550e98ae0710211f3.jpg, 0, 1, 0, 0, 0, 0
12-Back_jpg.rf.6577f5a0bd5e42ed99885e95e822d2e1.jpg, 0, 0, 0, 0, 0, 1
12-Top-Down_jpg.rf.636e164ed04333681a6a4b2ef034853c.jpg, 0, 0, 0, 0, 0, 1
35-Back_jpg.rf.6406c2646182daa415c280a66fe09958.jpg, 0, 0, 1, 0, 0, 0
23-Front_jpg.rf.6514a058a77dbf9825ffce45e891e21e.jpg, 0, 0, 0, 1, 0, 0
37-Top-Down_jpg.rf.641651001e269d1d4f141a903f3d61ab.jpg, 0, 0, 1, 0, 0, 0
1-Back_jpg.rf.634937a2e27c86811e4e68349a5dabdd.jpg, 0, 0, 0, 0, 1, 0
13-Front_jpg.rf.63721716101b64b2590ee80c9064d33a.jpg, 0, 0, 0, 1, 0, 0
5-Right_jpg.rf.650217beda07c5a2716817545b1221bf.jpg, 0, 0, 0, 0, 0, 1
2-Right_jpg.rf.65e2b48e05734891fd80afe21309e0b1.jpg, 1, 0, 0, 0, 0, 0
13-Back_jpg.rf.64cb52bd417d09be8969314d5b86affd.jpg, 0, 0, 0, 1, 0, 0
55-Left_jpg.rf.65e9be6537b6b146117017bae397eec3.jpg, 0, 1, 0, 0, 0, 0
15-Right_jpg.rf.65ec8b55f3b2ca1e69d0bb374805cac6.jpg, 0, 0, 0, 1, 0, 0
6-Front_jpg.rf.659f835efc9d182dc0131094595141b4.jpg, 0, 1, 0, 0, 0, 0
2-Top-Down_jpg.rf.65d41b7ff7b2f9c0e93ad5b31867182f.jpg, 0, 0, 0, 0, 1, 0
22-Left_jpg.rf.6632ee59e004b4d044fbe9db21cb409c.jpg, 1, 0, 0, 0, 0, 0
19-Back_jpg.rf.65136085c5c74ee3f86fa18f5b0d36fe.jpg, 1, 0, 0, 0, 0, 0
27-Back_jpg.rf.6688f3a2915da59660df5e7fac501b39.jpg, 0, 0, 1, 0, 0, 0
30-Back_jpg.rf.6685d3028122475eab9f0a29a43083b1.jpg, 1, 0, 0, 0, 0, 0
8-Left_jpg.rf.6742e359ce326e1afa1d04c645a64bbe.jpg, 0, 0, 0, 0, 0, 1
6-Top-Down_jpg.rf.67cc64ef2f3a84960d770b8f63265464.jpg, 0, 0, 0, 0, 0, 1
33-Back_jpg.rf.677fb51814cc2535abfb46321b1bdb1e.jpg, 0, 1, 0, 0, 0, 0
1-Front_jpg.rf.65de5c45e3110e477e17944c995d0de2.jpg, 0, 0, 0, 0, 1, 0
38-Back_jpg.rf.67abd0c53f06a81e105121b5c6cb7058.jpg, 0, 0, 1, 0, 0, 0
11-Front_jpg.rf.690314ddae67ebbe4b9bb0ad62d90b71.jpg, 0, 0, 0, 1, 0, 0
14-Front_jpg.rf.6959885a537f7d197210c069476b6496.jpg, 1, 0, 0, 0, 0, 0
18-Front_jpg.rf.6676aae6834fa57a0e94b672d7a09404.jpg, 1, 0, 0, 0, 0, 0
22-Front_jpg.rf.68094b08c11f8bf222c12a4cdb127522.jpg, 0, 0, 0, 1, 0, 0
1-Front_jpg.rf.610fb388a354817e04f47466840f30e0.jpg, 0, 0, 0, 0, 1, 0
3-Right_jpg.rf.6a31a6f7da707dfafda13eab3d945019.jpg, 0, 0, 1, 0, 0, 0
16-Back_jpg.rf.6a419327b3de715ff14587de14371b0f.jpg, 0, 0, 0, 0, 1, 0
31-Right_jpg.rf.63dc496c67d00f10f93627773b1dc963.jpg, 1, 0, 0, 0, 0, 0
55-Left_jpg.rf.69c835d11e5e08ecfcd1cb466f3ea898.jpg, 0, 1, 0, 0, 0, 0
9-Right_jpg.rf.671f33a26e13f2dc52eaadbabf88ec5c.jpg, 0, 0, 0, 0, 0, 1
29-Top-Down_jpg.rf.69aaf54fd43fe78582d8bbe7e89e927d.jpg, 0, 1, 0, 0, 0, 0
29-Top-Down_jpg.rf.6b372b831d80d58ad3640a48757a80d3.jpg, 0, 0, 0, 0, 1, 0
23-Front_jpg.rf.6ae76f94980d99c1f9b3954f8531da64.jpg, 0, 0, 0, 0, 1, 0
16-Back_jpg.rf.697fe71592b55629dfec602cd658499f.jpg, 0, 0, 0, 1, 0, 0
18-Right_jpg.rf.6989bb204b84cf5a38776587abf0153c.jpg, 0, 0, 0, 1, 0, 0
17-Back_jpg.rf.6b2395a746992dc2f2b3ca1604cf21bf.jpg, 0, 0, 0, 1, 0, 0
13-Top-Down_jpg.rf.685d3eee1a093040f137873e493a966c.jpg, 0, 0, 0, 0, 1, 0
27-Left_jpg.rf.6aa54f295af4d6fd3ddefc9028e8ed87.jpg, 0, 0, 0, 1, 0, 0
35-Left_jpg.rf.6c0daf3f525dfc591275258ef8a7deae.jpg, 1, 0, 0, 0, 0, 0
27-Right_jpg.rf.68c1ac573ce4380a39b4a89bd103c782.jpg, 0, 0, 0, 0, 1, 0
24-Front_jpg.rf.6b5b8f19fd298dd194f5773587b2a9a2.jpg, 0, 0, 0, 1, 0, 0
15-Back_jpg.rf.6bcf6895026da282fbd6fef7d7c15253.jpg, 0, 0, 0, 0, 1, 0
30-Front_jpg.rf.6b623934e91339447bff6ffb7c462594.jpg, 0, 0, 0, 0, 1, 0
39-Front_jpg.rf.6b9ba6128397fe7bd84bb6d7a4349a8f.jpg, 0, 1, 0, 0, 0, 0
25-Front_jpg.rf.6d7f076984f414b8ff65d87852bac850.jpg, 0, 0, 0, 0, 1, 0
35-Top-Down_jpg.rf.6c88a3c8ca2fe7889b7d1188f9e23363.jpg, 0, 0, 1, 0, 0, 0
21-Back_jpg.rf.6b6c15ed379f8c0de1f712c0b9ca0003.jpg, 0, 0, 1, 0, 0, 0
14-Left_jpg.rf.6d516a946292f9d7358afa2e7ab486f3.jpg, 0, 0, 1, 0, 0, 0
30-Right_jpg.rf.6d7ffa5b10bd56bb64aaa82286986218.jpg, 0, 0, 1, 0, 0, 0
23-Right_jpg.rf.6e016e9f1cd5fb90e253f0eea59c6f84.jpg, 1, 0, 0, 0, 0, 0
5-Left_jpg.rf.6ccf1105220177ff4d13f05836df7829.jpg, 0, 0, 0, 0, 0, 1
50-Top-Down_jpg.rf.6dd633be70a8cb4710e5e58f98167cb6.jpg, 0, 1, 0, 0, 0, 0
28-Top-Down_jpg.rf.6e850396d262e5aeebc5ff6aba737546.jpg, 0, 0, 0, 0, 1, 0
23-Left_jpg.rf.6dc91d169eedb31b5bd3bb56d9c0a386.jpg, 1, 0, 0, 0, 0, 0
54-Back_jpg.rf.7003deb1b3d31c5809349fd2715fcfa8.jpg, 0, 1, 0, 0, 0, 0
12-Top-Down_jpg.rf.6cd2268716d7acd678d144ee4e67680b.jpg, 0, 0, 0, 1, 0, 0
8-Top-Down_jpg.rf.703d8d4ec04d224a07db9fe92528f116.jpg, 0, 0, 0, 0, 0, 1
14-Left_jpg.rf.6f7498ec279d03e59cd26944c0e025dd.jpg, 0, 0, 1, 0, 0, 0
6-Right_jpg.rf.6da3b9d21d5356cd703773e654e2b401.jpg, 1, 0, 0, 0, 0, 0
12-Back_jpg.rf.6eab9070771be5e33deeab9ac4618c8c.jpg, 0, 0, 0, 1, 0, 0
11-Back_jpg.rf.6f234e432ddb855e6ac31711e1e61db9.jpg, 0, 0, 1, 0, 0, 0
22-Right_jpg.rf.70fe8c5215257c7ffdd90446000143ec.jpg, 1, 0, 0, 0, 0, 0
14-Front_jpg.rf.6e35ab48a133d15103387b0186aaf1dd.jpg, 0, 0, 0, 1, 0, 0
22-Top-Down_jpg.rf.714eba52f11c8a8f14c0cd3581bea98b.jpg, 0, 0, 0, 0, 1, 0
10-Left_jpg.rf.716158a2f3213fa71569cd737a6392f6.jpg, 0, 0, 0, 1, 0, 0
21-Back_jpg.rf.715178579f74342ae4eea3a8377498c0.jpg, 0, 0, 0, 0, 1, 0
30-Top-Down_jpg.rf.6e06d1386b5f59b82fd2729e3b41243a.jpg, 1, 0, 0, 0, 0, 0
27-Top-Down_jpg.rf.6c1e620c839934a3e0edec5e6675965f.jpg, 1, 0, 0, 0, 0, 0
2-Top-Down_jpg.rf.71a306f2db960b50f8fd6e7c5b305f30.jpg, 0, 0, 0, 0, 0, 1
18-Top-Down_jpg.rf.723be84b1f8c9a00a67d090da3508ddd.jpg, 0, 0, 1, 0, 0, 0
2-Right_jpg.rf.7214fb1468a8d1baa9761c8523d7d551.jpg, 0, 0, 0, 0, 1, 0
36-Right_jpg.rf.739e4b1d53928c75d382b663b8aef766.jpg, 1, 0, 0, 0, 0, 0
17-Back_jpg.rf.7550a03007d41b8b563bc8c6f505ec1c.jpg, 0, 0, 0, 1, 0, 0
36-Front_jpg.rf.74438825f286d7b6917383a819aa9a7d.jpg, 1, 0, 0, 0, 0, 0
27-Back_jpg.rf.737985c2948c1141f58b488ea9944b66.jpg, 1, 0, 0, 0, 0, 0
21-Front_jpg.rf.74e47d4e04e824b0de0a20920def0c84.jpg, 0, 0, 0, 0, 1, 0
28-Right_jpg.rf.717b0d6053cb07f75580273f62cdeb92.jpg, 0, 0, 0, 0, 1, 0
15-Back_jpg.rf.6ca048cf5ee527d4a0696eaf7fb7c95f.jpg, 0, 0, 1, 0, 0, 0
25-Back_jpg.rf.7729e3a3b4183762a1e699728dcc5953.jpg, 0, 0, 0, 0, 1, 0
35-Left_jpg.rf.75284cec1154d1c3218c0925a105c0e6.jpg, 0, 0, 1, 0, 0, 0
23-Left_jpg.rf.7579d50dd016c6ae82961fd714092cf1.jpg, 1, 0, 0, 0, 0, 0
1-Back_jpg.rf.761b5c28e76665eb87fb8029d6064f19.jpg, 0, 0, 0, 0, 1, 0
4-Front_jpg.rf.773ffc8ed1d5042d519f8e192c359ebb.jpg, 0, 1, 0, 0, 0, 0
9-Front_jpg.rf.78ee1702feb2d594864d90cb01f37dd1.jpg, 0, 0, 0, 0, 0, 1
20-Right_jpg.rf.752f29af78c1ca452c9df6a541a45b53.jpg, 1, 0, 0, 0, 0, 0
35-Right_jpg.rf.72dc693c71004be40aa81a5321172240.jpg, 1, 0, 0, 0, 0, 0
37-Front_jpg.rf.78bf6c07732369fcd91663fa5c3431a3.jpg, 1, 0, 0, 0, 0, 0
6-Back_jpg.rf.7741d47f14b7066fc1dd5dc1ed0ab65b.jpg, 0, 0, 0, 0, 0, 1
27-Top-Down_jpg.rf.78ca7d696841939e38dffeb0ab00c648.jpg, 0, 0, 0, 0, 1, 0
28-Left_jpg.rf.76b75d9ad7716b9eaa1639c5375ff6d3.jpg, 0, 0, 0, 0, 1, 0
2-Right_jpg.rf.765dd17dfc32fd6c7b5e6e1afc72a9d6.jpg, 0, 1, 0, 0, 0, 0
3-Back_jpg.rf.7354d09525c4e6feafb944dca39873f3.jpg, 0, 0, 0, 0, 0, 1
23-Front_jpg.rf.791f56b4cbc39d5f4fc72cb85ab2e9cd.jpg, 1, 0, 0, 0, 0, 0
33-Top-Down_jpg.rf.7788b23ef95e6d86860ff2c22d5f338f.jpg, 1, 0, 0, 0, 0, 0
38-Right_jpg.rf.790fd22f4396cc112e98448b0f24a00c.jpg, 0, 0, 1, 0, 0, 0
16-Top-Down_jpg.rf.7646f4d6246ef931b7593899207e8f8f.jpg, 0, 0, 0, 0, 1, 0
14-Left_jpg.rf.73e4b1a075a02300e356be18bc801fbe.jpg, 0, 0, 0, 1, 0, 0
27-Top-Down_jpg.rf.786a8b4e8490c0e20d554eb93d3b190a.jpg, 0, 0, 1, 0, 0, 0
36-Right_jpg.rf.799177336c2136c61a0fe618e9768180.jpg, 0, 0, 1, 0, 0, 0
13-Front_jpg.rf.7a7a2b63f94c4f79228c34cb7fe1b2bd.jpg, 0, 0, 0, 0, 1, 0
38-Top-Down_jpg.rf.7a87575fe40cd44f23619892182007d8.jpg, 0, 0, 1, 0, 0, 0
14-Front_jpg.rf.7920b02c3ee4cd95bf2608c5be1c0599.jpg, 0, 0, 0, 0, 0, 1
28-Back_jpg.rf.7b9c5998c957e5f2486001fadd9e10fb.jpg, 1, 0, 0, 0, 0, 0
9-Left_jpg.rf.78cdaa4aa582f5b1d0e95cd55a080459.jpg, 0, 0, 0, 0, 0, 1
11-Right_jpg.rf.79d208b10d3b641c66e8a875bad8b81e.jpg, 0, 0, 0, 1, 0, 0
51-Left_jpg.rf.78b4233570110c8f622833c057c9b0b3.jpg, 0, 1, 0, 0, 0, 0
20-Back_jpg.rf.79fae6160ebfc19b9345e72b51c27780.jpg, 1, 0, 0, 0, 0, 0
24-Top-Down_jpg.rf.7af832f56383eef7b28e0908daceb962.jpg, 0, 0, 0, 0, 1, 0
10-Right_jpg.rf.79cc48b34cffd6778dc2148227fd7b85.jpg, 0, 0, 1, 0, 0, 0
1-Right_jpg.rf.7b68520e590b2f544e81e2f09e4bc196.jpg, 0, 0, 0, 0, 0, 1
31-Top-Down_jpg.rf.7c74c33eba4a9ce1daac75cc1f5bc4bb.jpg, 0, 1, 0, 0, 0, 0
22-Top-Down_jpg.rf.7c8aa2df937d3dcf807eab48590f7e9a.jpg, 0, 0, 0, 0, 1, 0
12-Top-Down_jpg.rf.7c79bc7bf0fa6dde3ec35ca0999fb41b.jpg, 0, 0, 1, 0, 0, 0
8-Left_jpg.rf.7c6391be4ba5b120442962ba9ad5eae9.jpg, 0, 0, 0, 0, 0, 1
1-Top-Down_jpg.rf.7a13de6f5884715018f2875e43ff7246.jpg, 0, 0, 0, 0, 0, 1
18-Front_jpg.rf.7bc3ff9001b0f2a292396608d382248b.jpg, 0, 0, 0, 1, 0, 0
2-Top-Down_jpg.rf.7e0ed6adde908fdf61c485a50eaac8ee.jpg, 0, 1, 0, 0, 0, 0
18-Front_jpg.rf.7945bc40784cbb436e13984e3366341a.jpg, 1, 0, 0, 0, 0, 0
19-Right_jpg.rf.7c7b058de13eb5db00a38969e0caa890.jpg, 1, 0, 0, 0, 0, 0
22-Right_jpg.rf.7ed0a404e4be1b9872179133a1eef9f3.jpg, 0, 0, 0, 0, 1, 0
3-Top-Down_jpg.rf.7ca6eb9f7c79d5e0e66c9dc2c257edc6.jpg, 0, 0, 0, 0, 0, 1
23-Right_jpg.rf.7e96314aa11220dcb1a5a6be2d268c2a.jpg, 0, 0, 0, 1, 0, 0
37-Back_jpg.rf.800ae59a028af10fc129958992172697.jpg, 1, 0, 0, 0, 0, 0
20-Top-Down_jpg.rf.7efb3c6f0f1e266d19e1ce4084f7b372.jpg, 0, 0, 0, 0, 1, 0
23-Right_jpg.rf.7f2e2ccd2ed05341894eccd87ad4cbd0.jpg, 0, 0, 1, 0, 0, 0
18-Left_jpg.rf.803ab5bea4548b465959c057d0e403ec.jpg, 0, 0, 0, 0, 1, 0
20-Back_jpg.rf.7dcfe841d05daa3823c8e0a771dd4c86.jpg, 0, 0, 1, 0, 0, 0
21-Front_jpg.rf.80f600eca10cf8142fb6fde5dd532cec.jpg, 0, 0, 0, 0, 1, 0
22-Top-Down_jpg.rf.7dae6f3e45f9ae1af9b0415e4b829635.jpg, 1, 0, 0, 0, 0, 0
24-Top-Down_jpg.rf.7ff2e202bdfb15a8a92bc961505d7e44.jpg, 0, 0, 0, 1, 0, 0
30-Top-Down_jpg.rf.8234eb194965fda1e16932b1cccdb0d1.jpg, 0, 0, 0, 0, 1, 0
15-Left_jpg.rf.8127f664c8fec6288614a3f70492b3e0.jpg, 0, 0, 1, 0, 0, 0
3-Top-Down_jpg.rf.7f80c20092a7075ae7a045829de8ea7b.jpg, 1, 0, 0, 0, 0, 0
18-Left_jpg.rf.81710558cbb97bd1f4ea12dad2a6cb5d.jpg, 0, 0, 1, 0, 0, 0
32-Front_jpg.rf.8170b20ad9d56a63c39452009a91efa6.jpg, 1, 0, 0, 0, 0, 0
12-Top-Down_jpg.rf.81e06bd3b8a0d759513124c49f688deb.jpg, 0, 0, 0, 1, 0, 0
15-Top-Down_jpg.rf.81a969d61aefaee1163d175b520b5562.jpg, 0, 0, 0, 0, 0, 1
29-Front_jpg.rf.83d9cf4ede6df255363264e5a24c35fb.jpg, 0, 1, 0, 0, 0, 0
29-Front_jpg.rf.8171728362c19ab355dec2f4046bc53c.jpg, 0, 1, 0, 0, 0, 0
1-Back_jpg.rf.827f84558f2fe200d916209c4d34eb91.jpg, 0, 0, 0, 0, 1, 0
11-Back_jpg.rf.83d568b3529325c4659c63e95c68ac0d.jpg, 0, 0, 0, 0, 0, 1
3-Back_jpg.rf.82f1fee615fc9bb63a2b4db05ca73815.jpg, 1, 0, 0, 0, 0, 0
6-Left_jpg.rf.825ac1c4a2ae0990452620d727ece100.jpg, 0, 0, 0, 0, 0, 1
3-Top-Down_jpg.rf.80a96d16efdce99b909ff877ceceb53a.jpg, 1, 0, 0, 0, 0, 0
1-Right_jpg.rf.8182e13b254acc258e3d07f3d19506b9.jpg, 0, 1, 0, 0, 0, 0
4-Back_jpg.rf.825364a2aeb964b2523065d4a9456d6b.jpg, 0, 0, 0, 0, 0, 1
51-Top-Down_jpg.rf.842bdf8b4c75e4ac17689a0951607de8.jpg, 0, 1, 0, 0, 0, 0
7-Left_jpg.rf.832b423bf4b4f4e346d3d6e21f5e8c30.jpg, 0, 0, 0, 1, 0, 0
35-Left_jpg.rf.8396b34950151967a7a2bdcc93602ba9.jpg, 0, 0, 1, 0, 0, 0
7-Front_jpg.rf.8445c95c96be6de724b8b55256ba5bc8.jpg, 0, 0, 1, 0, 0, 0
6-Right_jpg.rf.84cdc95f7ceb97ff3d3233d26914a9af.jpg, 0, 0, 0, 0, 0, 1
24-Front_jpg.rf.84b562b4effb06070cd078c5034a3f0b.jpg, 0, 1, 0, 0, 0, 0
7-Front_jpg.rf.827bdf9c27498e4e6af4fb716eee9582.jpg, 0, 0, 0, 0, 0, 1
26-Back_jpg.rf.861bef9995d379c4c18236ce673b9e1a.jpg, 0, 0, 0, 1, 0, 0
34-Back_jpg.rf.8532bbb339442966be187892b17c56c8.jpg, 0, 1, 0, 0, 0, 0
13-Front_jpg.rf.8604415d1baac92e3769491acc240440.jpg, 1, 0, 0, 0, 0, 0
51-Top-Down_jpg.rf.84d56a6d06ec3bc422b89ea38bbbabcc.jpg, 0, 1, 0, 0, 0, 0
28-Left_jpg.rf.865d1c5ce5895d19b099d0c3ea3e2d10.jpg, 0, 0, 0, 0, 1, 0
34-Front_jpg.rf.859a52d869a2dd01f71ce7fb893362b5.jpg, 0, 0, 1, 0, 0, 0
15-Left_jpg.rf.86e4ba72d6d6cd52459c47670c1af79e.jpg, 0, 0, 0, 0, 1, 0
34-Back_jpg.rf.8788bcc05015b362b7907a9f9967402f.jpg, 0, 1, 0, 0, 0, 0
12-Back_jpg.rf.86532e1bd661fc0eca3aa15e67170602.jpg, 0, 1, 0, 0, 0, 0
16-Right_jpg.rf.864e473da81989673115efad245eb2af.jpg, 0, 0, 0, 1, 0, 0
23-Top-Down_jpg.rf.87401a1ffc45fb1677c4aa584aca1453.jpg, 0, 0, 0, 0, 1, 0
50-Left_jpg.rf.8643479f995674ed7be6dc202429c3df.jpg, 0, 1, 0, 0, 0, 0
13-Back_jpg.rf.87cfe784edb8f7525a8aef450f6e9c64.jpg, 0, 0, 0, 0, 0, 1
23-Front_jpg.rf.83eeb14eb8e67726d63142bcbdcf3068.jpg, 0, 0, 1, 0, 0, 0
1-Front_jpg.rf.876319e82942780b73861daadd56b2bd.jpg, 0, 0, 0, 0, 0, 1
12-Right_jpg.rf.87d8124a4caa1cd2777a57d8c2428cb5.jpg, 0, 0, 0, 0, 0, 1
14-Right_jpg.rf.880ce4eccf7c7263085ca8b1a0081702.jpg, 1, 0, 0, 0, 0, 0
7-Front_jpg.rf.87d19c06ecf97fa863929025f3bb1f5d.jpg, 0, 0, 1, 0, 0, 0
34-Left_jpg.rf.852a01b2902680614976c7b7192e9b72.jpg, 0, 0, 1, 0, 0, 0
2-Back_jpg.rf.87b1d2a4e3a8729b066e85d3c33a1756.jpg, 0, 0, 0, 1, 0, 0
11-Front_jpg.rf.87f521340ae93820a1baad79e8e7a69e.jpg, 0, 0, 0, 1, 0, 0
36-Top-Down_jpg.rf.8842b3298f23c0bec0892fa1a6378725.jpg, 0, 0, 1, 0, 0, 0
21-Back_jpg.rf.881117df59aa3aa79a45440d16dc0777.jpg, 0, 0, 1, 0, 0, 0
33-Top-Down_jpg.rf.261bbda6c1fa1d7dc74aca09decadd7d.jpg, 0, 1, 0, 0, 0, 0
29-Top-Down_jpg.rf.2567484cac0e97f22b689e26c1683aae.jpg, 0, 0, 0, 0, 1, 0
9-Back_jpg.rf.256c16f97b9a1cba8c23680d5f3198a5.jpg, 1, 0, 0, 0, 0, 0
12-Back_jpg.rf.2553b04553206b00ccb5f96f33ab11a3.jpg, 0, 1, 0, 0, 0, 0
10-Left_jpg.rf.25684c8f43bc3e42714924b144b0be4a.jpg, 0, 0, 1, 0, 0, 0
16-Front_jpg.rf.2619b4dd276e7d0d1f853dd2b8444799.jpg, 0, 0, 0, 0, 1, 0
3-Back_jpg.rf.25ea94a948021c1470ecd032b95be6fe.jpg, 1, 0, 0, 0, 0, 0
31Left_jpg.rf.26971b724ec9ca04520d153f31e0b44e.jpg, 1, 0, 0, 0, 0, 0
6-Right_jpg.rf.2610032eb5f208ffb117edc65d9cf431.jpg, 0, 1, 0, 0, 0, 0
33-Left_jpg.rf.26e6e55a37d5f30aa2acc0757542aba9.jpg, 0, 1, 0, 0, 0, 0
33-Front_jpg.rf.2745e31758eac852f668192da66dcc26.jpg, 1, 0, 0, 0, 0, 0
24-Left_jpg.rf.27ee026290391601a1b45b657284a5a9.jpg, 0, 1, 0, 0, 0, 0
11-Back_jpg.rf.280872832c35ce75a03aa5d6e69bb8b4.jpg, 0, 0, 0, 0, 0, 1
1-Right_jpg.rf.25ff1806714ddeb75d329fded30ddda2.jpg, 0, 1, 0, 0, 0, 0
7-Top-Down_jpg.rf.267b6bdfc23bd499a36c431ea3cd0a12.jpg, 0, 0, 0, 1, 0, 0
39-Right_jpg.rf.27bbae2a8577250845e0b05076aef046.jpg, 0, 0, 1, 0, 0, 0
19-Top-Down_jpg.rf.27d42d804f990c85ba706ff8968bfe15.jpg, 1, 0, 0, 0, 0, 0
5-Front_jpg.rf.272da71c0484cfa4bf41b51649104efb.jpg, 0, 0, 0, 0, 1, 0
18-Left_jpg.rf.2804cc1af2a13ca171d94d9336224e30.jpg, 0, 0, 1, 0, 0, 0
1-Back_jpg.rf.282a1cf338bbec27c61e4dfc49a91a50.jpg, 0, 0, 1, 0, 0, 0
23-Front_jpg.rf.28040620bc0a5fa1f362d66ca1a11f54.jpg, 0, 0, 0, 1, 0, 0
13-Front_jpg.rf.290c72721c7b5f00a64ff6df24bbad5c.jpg, 0, 0, 0, 0, 1, 0
12-Back_jpg.rf.263daabda1dee212a252e858afa76195.jpg, 0, 0, 0, 1, 0, 0
13-Left_jpg.rf.2871509657a059f2cee8218043ee8631.jpg, 0, 0, 0, 1, 0, 0
17-Top-Down_jpg.rf.298f423e6db47a260b569fa8130bcb57.jpg, 1, 0, 0, 0, 0, 0
55-Front_jpg.rf.28fa35b97bbd295fa46e1c345a582cf2.jpg, 0, 1, 0, 0, 0, 0
9-Left_jpg.rf.29bfde5421e46942ecd44c23cb4aa2dc.jpg, 0, 0, 0, 0, 0, 1
15-Right_jpg.rf.2931507d33035828ee31f50e12dd0424.jpg, 0, 0, 0, 0, 0, 1
22-Back_jpg.rf.29dbbdbf86c57d4507f285efd2a9a0de.jpg, 0, 0, 0, 0, 1, 0
1-Back_jpg.rf.2ae262f4b17b6b6d9c6c340e80d6467a.jpg, 0, 0, 0, 0, 0, 1
37-Left_jpg.rf.29848095174becc6c0fba6b9ba8a0639.jpg, 0, 0, 1, 0, 0, 0
27-Back_jpg.rf.29194ec1ae946dfb48be1fa190943425.jpg, 0, 0, 1, 0, 0, 0
16-Right_jpg.rf.2c2df251a3d9804c9eadae8b71565c83.jpg, 0, 0, 0, 0, 0, 1
31-Left_jpg.rf.2cb8b46a9355c2924b0155ceea7267d9.jpg, 0, 0, 1, 0, 0, 0
30-Front_jpg.rf.2dac8757073786cd9f2623c3804b0b54.jpg, 1, 0, 0, 0, 0, 0
31-Back_jpg.rf.29beb7829917c586cad584a057251e0b.jpg, 0, 0, 1, 0, 0, 0
40-Right_jpg.rf.2ba685e0f83f916d3317c323cd8da4ba.jpg, 0, 1, 0, 0, 0, 0
31-Front_jpg.rf.2ec60b83e220f51d3975d2113115bb4c.jpg, 0, 1, 0, 0, 0, 0
13-Left_jpg.rf.2a868a417fc0569df118510bcd5c45c8.jpg, 1, 0, 0, 0, 0, 0
15-Top-Down_jpg.rf.2b6cda7d5c28b7e6db6fb63c35a1a1e5.jpg, 0, 0, 0, 0, 0, 1
26-Right_jpg.rf.2e1e3b0ec590379cf7d41434ce1a410d.jpg, 0, 0, 0, 0, 1, 0
18-Right_jpg.rf.2b5a9ef83966299457b4213007a2dc59.jpg, 0, 0, 0, 0, 1, 0
11-Left_jpg.rf.2eb028a097922c2cfd4c2eb0ff29ca4a.jpg, 0, 0, 0, 0, 1, 0
51-Right_jpg.rf.2a6cc8d38af1c0d7ee3ab961a06ee29b.jpg, 0, 1, 0, 0, 0, 0
26-Back_jpg.rf.2f2e2242171af42d2ddec95d5749dd0b.jpg, 0, 0, 0, 0, 1, 0
5-Back_jpg.rf.2f49677f8e5a5e18223e460093134273.jpg, 0, 0, 0, 0, 1, 0
5-Front_jpg.rf.2d9f656acbc9b0b0f3ca03ea7cfc3edf.jpg, 0, 0, 0, 0, 0, 1
27-Back_jpg.rf.2cbc82f5d0e3d246734cfbc43addbf80.jpg, 0, 0, 0, 1, 0, 0
18-Back_jpg.rf.2e0a906f8a4510975a0cf43189cf8487.jpg, 0, 0, 0, 1, 0, 0
2-Top-Down_jpg.rf.2f6b8485a27bc87fa81829cabb4125f8.jpg, 0, 1, 0, 0, 0, 0
27-Top-Down_jpg.rf.2b7b16f37e9e0959c64c462e956f36d2.jpg, 1, 0, 0, 0, 0, 0
5-Left_jpg.rf.2ff0dee0e66c195ec6985368b2228d59.jpg, 0, 0, 0, 0, 0, 1
23-Top-Down_jpg.rf.300064679e4fb1f040b5b44f4242597d.jpg, 0, 0, 1, 0, 0, 0
24-Top-Down_jpg.rf.3027eed04182518abd8f464ff07af736.jpg, 0, 0, 0, 0, 1, 0
12-Right_jpg.rf.2ff0d84946a5e0f727cb143a6b274d02.jpg, 0, 0, 0, 1, 0, 0
20-Left_jpg.rf.2c5ed2f5e897d42213146bbfdbe9a7ed.jpg, 0, 0, 0, 1, 0, 0
7-Left_jpg.rf.3289f6c97d81385cac6c8ea954986662.jpg, 0, 0, 1, 0, 0, 0
5-Right_jpg.rf.306443d6cf2b1b9913238d450bd1815d.jpg, 0, 0, 0, 0, 0, 1
3-Front_jpg.rf.31730fef1b03b0a16b14cf49e06cc35b.jpg, 0, 0, 0, 0, 0, 1
35-Top-Down_jpg.rf.31b42c26e0e407e1f14330433fff5638.jpg, 1, 0, 0, 0, 0, 0
6-Left_jpg.rf.3371a092a004efd94e89b8b8dce2fe2c.jpg, 0, 0, 0, 1, 0, 0
31-Top-Down_jpg.rf.3391d7047735c157ed17604317883e7a.jpg, 0, 0, 1, 0, 0, 0
33-Front_jpg.rf.324fe0fa49cb26b9ebb96d3220f63a29.jpg, 0, 1, 0, 0, 0, 0
1-Front_jpg.rf.33843dfba64b846a018c3bdf2b645bd8.jpg, 0, 0, 0, 0, 0, 1
23-Left_jpg.rf.327dfe0db90c9927546e736a374cf219.jpg, 0, 0, 0, 1, 0, 0
39-Front_jpg.rf.3400e3f73f25bbb07cd74d0f4b40de19.jpg, 0, 1, 0, 0, 0, 0
17-Top-Down_jpg.rf.33938a777a6758eb64aaf930f4e702ae.jpg, 0, 1, 0, 0, 0, 0
7-Front_jpg.rf.3201803d26e45eb13a010d8fac3ba463.jpg, 0, 0, 0, 1, 0, 0
14-Top-Down_jpg.rf.32d5d1ef9001d7c0ec798ed932d23d79.jpg, 1, 0, 0, 0, 0, 0
27-Top-Down_jpg.rf.361c9774ca00786475aef0b65d791ffd.jpg, 1, 0, 0, 0, 0, 0
55-Front_jpg.rf.3296eaace074fd3dd9f0df929d4eef9d.jpg, 0, 1, 0, 0, 0, 0
36-Front_jpg.rf.2f3a6194b6e896ec37a1c74f1293c05b.jpg, 0, 1, 0, 0, 0, 0
17-Right_jpg.rf.336e5b04c56569522ba2ea31190c57c3.jpg, 0, 1, 0, 0, 0, 0
29-Right_jpg.rf.3747612dea67db94786c8294e777eacf.jpg, 0, 0, 0, 0, 1, 0
32Top-Down_jpg.rf.35dd09033fa99ef998d2c8c322836235.jpg, 1, 0, 0, 0, 0, 0
29-Back_jpg.rf.375a7eec21ca09a684a9e1823b154754.jpg, 0, 0, 1, 0, 0, 0
30-Front_jpg.rf.372d858997b631aa3d6f108e7d62e6c7.jpg, 0, 0, 0, 0, 1, 0
19-Right_jpg.rf.34a0ece76556c0747187710ba79f1787.jpg, 1, 0, 0, 0, 0, 0
4-Left_jpg.rf.39b12c8abce82d1e8259511f54920f4e.jpg, 0, 0, 0, 0, 0, 1
2-Top-Down_jpg.rf.388ddb9f9791dc16fd37b3789f007566.jpg, 0, 1, 0, 0, 0, 0
29-Right_jpg.rf.37760fe26c3c709c7b3dd1e1a795975e.jpg, 0, 0, 0, 0, 1, 0
3-Left_jpg.rf.3879c87e63200558f0b1f30f5486310e.jpg, 0, 0, 1, 0, 0, 0
29-Back_jpg.rf.3881e73ecaf30ea46fd570074eda2900.jpg, 0, 0, 0, 0, 1, 0
12-Back_jpg.rf.385858a9cb12386583443ee49c24a670.jpg, 0, 0, 1, 0, 0, 0
6-Front_jpg.rf.36de8f775f4d2c7afad7fe4113eae547.jpg, 0, 0, 0, 1, 0, 0
14-Right_jpg.rf.34d2ad4e7a881fcc50f3e140dfff986f.jpg, 0, 1, 0, 0, 0, 0
11-Front_jpg.rf.3362d09b1444fa1389d3e81ee4b989f9.jpg, 0, 0, 1, 0, 0, 0
38-Left_jpg.rf.39a23708d8af7565a0dc0577a1329cbd.jpg, 0, 1, 0, 0, 0, 0
35-Front_jpg.rf.3754bca44165f94a46ab83875c8e55e6.jpg, 0, 0, 1, 0, 0, 0
14-Top-Down_jpg.rf.3a7a224b9871af0e4ded4bc08a73696e.jpg, 1, 0, 0, 0, 0, 0
57-Back_jpg.rf.3877e682bd5de065476e2be432d64441.jpg, 0, 1, 0, 0, 0, 0
1-Top-Down_jpg.rf.396d4a46aa07ea42114e5dc5858daff9.jpg, 0, 0, 0, 0, 0, 1
10-Right_jpg.rf.3b0adece986acca7717cec41acc74227.jpg, 0, 0, 0, 0, 0, 1
18-Left_jpg.rf.38b553692e852833efc9a66ae34a4353.jpg, 1, 0, 0, 0, 0, 0
30-Right_jpg.rf.3601153e9cde0adb7c5e857a63ca7e57.jpg, 0, 0, 1, 0, 0, 0
37-Front_jpg.rf.3a7e28cca8ee4779c0755cc96b0b063c.jpg, 0, 1, 0, 0, 0, 0
11-Top-Down_jpg.rf.3bbe261e2816f61ad67d65c21ff56725.jpg, 0, 0, 0, 1, 0, 0
12-Top-Down_jpg.rf.3bc26b86a3c37a955ba3885caa83fe0b.jpg, 0, 1, 0, 0, 0, 0
4-Left_jpg.rf.3c3c4215f38d919c2cf751777a98f575.jpg, 0, 0, 0, 0, 0, 1
23-Top-Down_jpg.rf.37fda8bf3b902dd08a11ea91c2816cff.jpg, 1, 0, 0, 0, 0, 0
33-Right_jpg.rf.3cb64c35e34fcbec39605126292ae45d.jpg, 1, 0, 0, 0, 0, 0
6-Right_jpg.rf.3d2732c3f967e7e13004cc604d46c0d3.jpg, 0, 0, 0, 0, 0, 1
31-Top-Down_jpg.rf.3a413f6fcdcfc0780ca492a1e3dc60d9.jpg, 0, 0, 1, 0, 0, 0
9-Back_jpg.rf.3c43c10b8a2a98609ac728f673f8e683.jpg, 0, 0, 0, 0, 0, 1
33-Back_jpg.rf.3a4aaaaf38c8bd066063dae581386653.jpg, 0, 1, 0, 0, 0, 0
23-Left_jpg.rf.3e17e8e5ac97294e5d5ea72e1335e3ad.jpg, 0, 0, 0, 1, 0, 0
23-Top-Down_jpg.rf.3c91981e2f0e9302a471fd45845617b8.jpg, 0, 1, 0, 0, 0, 0
34-Top-Down_jpg.rf.3c76bdcf6b769f363afefbfe82bb0680.jpg, 0, 1, 0, 0, 0, 0
24-Right_jpg.rf.3d2ebcc6759ee34bc4ced132e09f130b.jpg, 0, 0, 1, 0, 0, 0
9-Right_jpg.rf.3c686e8550d9492dc13508810ba967aa.jpg, 1, 0, 0, 0, 0, 0
16-Right_jpg.rf.3d5d5a7077cda05a118c6481e457f537.jpg, 0, 0, 0, 0, 1, 0
10-Right_jpg.rf.3e037052362daabfdd8d0caed1a3a1bf.jpg, 0, 0, 1, 0, 0, 0
13-Front_jpg.rf.3fb2bddfcc0728b34be6456d7c83c26d.jpg, 1, 0, 0, 0, 0, 0
8-Right_jpg.rf.3ebef998c197de916a6c33cf19d7b6cd.jpg, 0, 0, 0, 0, 0, 1
54-Front_jpg.rf.3d6601568e3c7dc7623791cb138b5deb.jpg, 0, 1, 0, 0, 0, 0
12-Top-Down_jpg.rf.3fe13040580c8fe615f4352abbae510a.jpg, 0, 1, 0, 0, 0, 0
7-Top-Down_jpg.rf.3d4b2c901369359b906394d969c39552.jpg, 0, 0, 0, 0, 0, 1
17-Left_jpg.rf.3fd09986e846999c3e077f090735da6c.jpg, 0, 1, 0, 0, 0, 0
38-Right_jpg.rf.3f3f652c3b78a310a478fc0429e07c6f.jpg, 0, 1, 0, 0, 0, 0
32Top-Down_jpg.rf.40138517c6b82c896321174b2126dd9e.jpg, 1, 0, 0, 0, 0, 0
13-Right_jpg.rf.4042227f791afd434e68f447d2bbd6d2.jpg, 1, 0, 0, 0, 0, 0
27-Left_jpg.rf.4001f21feba4089da0d2b552313a781e.jpg, 0, 0, 0, 1, 0, 0
22-Top-Down_jpg.rf.3fbd4db3bed20c6b5dc0207db31b87a2.jpg, 1, 0, 0, 0, 0, 0
18-Left_jpg.rf.41834a77169a167fe437568b6b45b00d.jpg, 1, 0, 0, 0, 0, 0
8-Left_jpg.rf.41312df133526b1d8476ee0783db2938.jpg, 0, 0, 0, 1, 0, 0
34-Right_jpg.rf.40a585168537f9f4f4bfe18e7f8065c1.jpg, 0, 0, 1, 0, 0, 0
24-Top-Down_jpg.rf.415a7be2a0173de238c32ff9cf25e88f.jpg, 0, 0, 1, 0, 0, 0
8-Back_jpg.rf.424c15b5adc629d1a18754c9bdf654c5.jpg, 0, 0, 0, 0, 0, 1
21-Front_jpg.rf.4209c164aebdb8041fa33a474e71e22b.jpg, 0, 0, 1, 0, 0, 0
14-Back_jpg.rf.415f45853a6f63136fa88aa29ed57c25.jpg, 1, 0, 0, 0, 0, 0
16-Front_jpg.rf.42fb6e546502d506705f5cb7fd2b3281.jpg, 0, 0, 0, 0, 1, 0
19-Back_jpg.rf.427a6babcff65899cc360de97a8d0864.jpg, 1, 0, 0, 0, 0, 0
22-Back_jpg.rf.41cfb68b1c6e1ed139dfc53b88b59733.jpg, 0, 0, 0, 0, 1, 0
27-Front_jpg.rf.3e2126b202d80156753ea28e7dfef034.jpg, 1, 0, 0, 0, 0, 0
20-Left_jpg.rf.40f0a4d633d2aefa9759ae8b6e732553.jpg, 0, 0, 0, 1, 0, 0
2-Back_jpg.rf.405209b2c1e8c10829fe978dfdc91907.jpg, 1, 0, 0, 0, 0, 0
29-Left_jpg.rf.427a9aece6dcae03c583dc8d4ddd2ab9.jpg, 0, 1, 0, 0, 0, 0
20-Top-Down_jpg.rf.40288d0d803f1c6bfcc474bb49c7e923.jpg, 0, 0, 1, 0, 0, 0
13-Right_jpg.rf.41f342f968480e73d2f7734b21a3e79b.jpg, 0, 0, 0, 0, 1, 0
16-Right_jpg.rf.4473d8d99dd714cd93a75b33d27416f9.jpg, 0, 0, 0, 0, 1, 0
57-Back_jpg.rf.43034d2496bbc3002acf7216cc056f6e.jpg, 0, 1, 0, 0, 0, 0
29-Top-Down_jpg.rf.42c81aeb41152f8da5188ea8e6b2fe0b.jpg, 0, 0, 1, 0, 0, 0
21-Left_jpg.rf.457cdfe653bccfa71e310c2c3fc0c7d4.jpg, 0, 0, 0, 0, 1, 0
12-Right_jpg.rf.45affe15b437c81b04dca83833ab9365.jpg, 0, 0, 0, 0, 0, 1
5-Top-Down_jpg.rf.4215c52a07abdb372b759b0611ff1c37.jpg, 0, 0, 0, 0, 0, 1
23-Back_jpg.rf.44ace10ed31c89d2d03c63aa763fe17f.jpg, 0, 0, 1, 0, 0, 0
48-Front_jpg.rf.4448a43881c24fc4c53cf1d10c767eb8.jpg, 0, 1, 0, 0, 0, 0
14-Right_jpg.rf.41a20a495acdeedc3d14b6f591de453f.jpg, 0, 0, 0, 1, 0, 0
27-Left_jpg.rf.465b7fa7289c923e6f7cdda9baf5cef9.jpg, 1, 0, 0, 0, 0, 0
14-Front_jpg.rf.4559be43682122ee2df84c8b4eab3d74.jpg, 0, 0, 0, 0, 0, 1
14-Right_jpg.rf.44336115c71b9a9894828ab421dbd7c4.jpg, 0, 0, 0, 1, 0, 0
6-Back_jpg.rf.461aaaa4afef804a83509f5fc5965323.jpg, 1, 0, 0, 0, 0, 0
35-Left_jpg.rf.407da620de7d7bf047d05733c7adea11.jpg, 1, 0, 0, 0, 0, 0
4-Top-Down_jpg.rf.46952f7fecb94ab375c859b3caa7794b.jpg, 0, 0, 0, 0, 1, 0
27-Front_jpg.rf.471373cb99d77c0bff4a2173a418d174.jpg, 0, 0, 1, 0, 0, 0
10-Left_jpg.rf.4786dd2c59aba0cc5faa72ef7d151d5f.jpg, 0, 0, 0, 1, 0, 0
13-Right_jpg.rf.4807b0e49909c0c0edd4022c6947e5de.jpg, 0, 0, 0, 0, 1, 0
28-Top-Down_jpg.rf.4815c05c53bccfe6d91ee32cfeb050f0.jpg, 0, 0, 0, 0, 1, 0
12-Left_jpg.rf.47e758950d335e958c65078c47123d16.jpg, 0, 0, 1, 0, 0, 0
6-Top-Down_jpg.rf.45bc3a075477ee53031b2a8267e15b5b.jpg, 1, 0, 0, 0, 0, 0
6-Back_jpg.rf.48475b53a62c04bdada8cb3be6fcd9d0.jpg, 1, 0, 0, 0, 0, 0
14-Back_jpg.rf.435117d381f0640d3d205f6a6c453590.jpg, 1, 0, 0, 0, 0, 0
12-Right_jpg.rf.49b211606df251a5667613ea456f0fe1.jpg, 0, 0, 1, 0, 0, 0
29-Left_jpg.rf.476f78ba45734c2fb56a0a385fdeed98.jpg, 0, 0, 0, 0, 1, 0
20-Right_jpg.rf.4a1e95d608552f83ec7e778ddac150d5.jpg, 1, 0, 0, 0, 0, 0
29-Front_jpg.rf.48cf4b185129d53f68b8bcc466892cbb.jpg, 0, 0, 0, 0, 1, 0
27-Top-Down_jpg.rf.48adfe562080733418fb36a1bfe798be.jpg, 0, 0, 0, 0, 1, 0
31-Back_jpg.rf.48585d98ee3dfab4efaa18e5fc4d13db.jpg, 0, 1, 0, 0, 0, 0
38-Left_jpg.rf.4863f34ccfc76f0b7ad23a924ad4b24b.jpg, 0, 1, 0, 0, 0, 0
2-Left_jpg.rf.49e053d2ab4c9a56324d0de623c83c6f.jpg, 1, 0, 0, 0, 0, 0
13-Top-Down_jpg.rf.49b8f72d7d2124af0f95b609834ae661.jpg, 0, 0, 0, 0, 1, 0
33-Top-Down_jpg.rf.49ce8054dc5463a95be57efff6014d28.jpg, 0, 1, 0, 0, 0, 0
17-Back_jpg.rf.46899d32e3ff3276158d510bec3e45e1.jpg, 1, 0, 0, 0, 0, 0
23-Back_jpg.rf.490486af0ed0b60c64970116fb2a152b.jpg, 0, 0, 0, 1, 0, 0
27-Top-Down_jpg.rf.4a7b1fbfb139348706d4d23ae4dc2e67.jpg, 0, 0, 1, 0, 0, 0
18-Top-Down_jpg.rf.4a58b3447d044c0b9488e1835074b11a.jpg, 0, 0, 0, 1, 0, 0
27-Left_jpg.rf.47feac971a4f0bd06a0d66f217550df2.jpg, 0, 0, 1, 0, 0, 0
28-Back_jpg.rf.4a3b48af32a2aebe58cdc973d28acc7a.jpg, 1, 0, 0, 0, 0, 0
14-Back_jpg.rf.4b7803aacddff6a62fb5c28bb21ce92c.jpg, 0, 0, 0, 1, 0, 0
14-Left_jpg.rf.4a8976b7520994533b329ea541d538f3.jpg, 1, 0, 0, 0, 0, 0
33-Top-Down_jpg.rf.4b5b74595e0686b6d57510e6d711139d.jpg, 0, 1, 0, 0, 0, 0
1-Back_jpg.rf.4c9fc118b29c2a5bf0a5e52628ec01c0.jpg, 0, 0, 0, 1, 0, 0
32-Front_jpg.rf.4c1c66b177a848b72c4a4da5ff3f6679.jpg, 1, 0, 0, 0, 0, 0
4-Back_jpg.rf.4b073725c77bdcdd4bbbe2ea8698805b.jpg, 0, 0, 0, 0, 0, 1
14-Left_jpg.rf.4d4680f12c1a1124cb353172218f61ba.jpg, 1, 0, 0, 0, 0, 0
28-Right_jpg.rf.4a454531802e9c1edab517970fedba6c.jpg, 0, 0, 0, 0, 1, 0
18-Top-Down_jpg.rf.48cde6e84a887ca21d5d64c90dc3bccc.jpg, 0, 0, 1, 0, 0, 0
17-Left_jpg.rf.48ece743c1951954d2270e77e343707c.jpg, 0, 0, 0, 0, 0, 1
20-Back_jpg.rf.4b1a0312e2df554618ddd88dfd2c48b4.jpg, 1, 0, 0, 0, 0, 0
27-Top-Down_jpg.rf.4e1b60b3c6ede16130ec3f8e3374c801.jpg, 0, 0, 0, 1, 0, 0
6-Front_jpg.rf.4d93faae899631f65448af1346d2443b.jpg, 0, 0, 0, 1, 0, 0
38-Left_jpg.rf.4a62e84e7b2393e504423a9f2be31bf1.jpg, 0, 0, 1, 0, 0, 0
17-Back_jpg.rf.4cd274bdb2fc6deaad538bd2ed2aa212.jpg, 1, 0, 0, 0, 0, 0
35-Top-Down_jpg.rf.47604badf3711c38db0d400d3c338154.jpg, 0, 0, 1, 0, 0, 0
48-Right_jpg.rf.4de6aabe414ef9b8057923d77e0680dc.jpg, 0, 1, 0, 0, 0, 0
8-Back_jpg.rf.4e2701f0b635d1af4082de6ef03aaeee.jpg, 0, 0, 0, 0, 0, 1
38-Back_jpg.rf.4d60ae145066cdc909cd95c40717aca4.jpg, 0, 0, 1, 0, 0, 0
48-Front_jpg.rf.4cd65ad020c6556fd8d496c2c09153ae.jpg, 0, 1, 0, 0, 0, 0
14-Back_jpg.rf.4eea173919a2ce17fcd2111a088b19c1.jpg, 1, 0, 0, 0, 0, 0
11-Back_jpg.rf.4cffbb5ec2a9b7497c1581bbb4207ee1.jpg, 0, 0, 1, 0, 0, 0
20-Front_jpg.rf.4f1ed442a492a202709ad087c0ab23c8.jpg, 0, 0, 1, 0, 0, 0
16-Front_jpg.rf.4f372a985ec8252655206966a58318c0.jpg, 0, 0, 1, 0, 0, 0
19-Top-Down_jpg.rf.4ece9a20c73a5fcfe3770d57e100be2a.jpg, 1, 0, 0, 0, 0, 0
34-Right_jpg.rf.4f285daddf267f12f21dc2d529be8e8d.jpg, 0, 0, 1, 0, 0, 0
26-Left_jpg.rf.4ea0adf65854de6405e08292c50277f5.jpg, 0, 0, 0, 0, 1, 0
16-Back_jpg.rf.4fa2acc2f6da490a9dc64b939f6c23a8.jpg, 0, 0, 1, 0, 0, 0
38-Right_jpg.rf.508aa7035cc1c683655519b5fcbb3cd1.jpg, 0, 1, 0, 0, 0, 0
12-Right_jpg.rf.5117a813cb55327c2a59e79a16ff47ce.jpg, 0, 1, 0, 0, 0, 0
22-Left_jpg.rf.4f82203d5fcfcf686275ce05eeb2ada6.jpg, 1, 0, 0, 0, 0, 0
50-Back_jpg.rf.5117718fc83ce4a7d235c40400366133.jpg, 0, 1, 0, 0, 0, 0
24-Right_jpg.rf.4df1b61e65a3983992fe2bae317dfeed.jpg, 0, 1, 0, 0, 0, 0
12-Left_jpg.rf.4f3559b09daa0ea4a3a46d4f67e730a0.jpg, 0, 1, 0, 0, 0, 0
28-Back_jpg.rf.4f9069e9106a8491ec73d3f9b706dd1f.jpg, 1, 0, 0, 0, 0, 0
6-Front_jpg.rf.4f592ddcd2adc537c989ac8c85eed182.jpg, 0, 0, 0, 0, 0, 1
39-Front_jpg.rf.4fcdc4184d20bbe701012879992fbdd9.jpg, 0, 0, 1, 0, 0, 0
23-Front_jpg.rf.5109356556c9b9297aa7d2c70c395bdd.jpg, 0, 0, 0, 0, 1, 0
8-Left_jpg.rf.5148bb6d249a099f9c57aa9603fdae3d.jpg, 0, 0, 0, 0, 0, 1
21-Left_jpg.rf.50a86d271821c9f711f17aa98df1a075.jpg, 0, 0, 1, 0, 0, 0
1-Front_jpg.rf.524dcc48c95b78082b0b4eee4b347306.jpg, 0, 0, 0, 0, 1, 0
27-Left_jpg.rf.51ac0575bbf820bccf2aa6160e3c37f4.jpg, 0, 0, 0, 0, 1, 0
8-Back_jpg.rf.517f7dfbbcadbb6c1a0a4de64cad8209.jpg, 0, 0, 0, 1, 0, 0
30-Top-Down_jpg.rf.52123b612a6ecacc1e707fec397884fa.jpg, 0, 0, 1, 0, 0, 0
6-Front_jpg.rf.5150cc8539d47407e0efc4b7fd451567.jpg, 0, 0, 0, 0, 0, 1
1-Left_jpg.rf.52c74f41b716aef58524f20bd2f621d1.jpg, 0, 0, 0, 0, 0, 1
34-Back_jpg.rf.52a5a3e63ee5b67e383af39e7cae0113.jpg, 0, 0, 1, 0, 0, 0
17-Back_jpg.rf.5214de6106fad764edf01ad59b6e6c76.jpg, 1, 0, 0, 0, 0, 0
8-Back_jpg.rf.52daa76382bf01027e9f6bdab61b0103.jpg, 0, 0, 0, 1, 0, 0
33-Back_jpg.rf.53826a8cf9bedee21ad8e5e828aa2514.jpg, 1, 0, 0, 0, 0, 0
13-Back_jpg.rf.4f934d92afc9e5a86d91c29fe7db5239.jpg, 1, 0, 0, 0, 0, 0
25-Back_jpg.rf.532d05f1d66cc5392efd84dd24075e67.jpg, 0, 0, 0, 1, 0, 0
14-Back_jpg.rf.53b2ada67cd41e19eb4f50838c370284.jpg, 0, 0, 0, 0, 1, 0
4-Front_jpg.rf.52b5b571907817a22e80f92aa3b2ee61.jpg, 0, 0, 0, 0, 1, 0
22-Left_jpg.rf.522b1856dfc80309478ab80acb21c9a5.jpg, 1, 0, 0, 0, 0, 0
29-Top-Down_jpg.rf.5340bdfd702ae19ff65e4bcc6e1a4b67.jpg, 0, 1, 0, 0, 0, 0
13-Right_jpg.rf.54af38d0b1b26919470e04526ada6f53.jpg, 0, 0, 0, 1, 0, 0
12-Right_jpg.rf.545255c54aa71b8c3c6a8bff05a83684.jpg, 0, 1, 0, 0, 0, 0
8-Right_jpg.rf.55061a86685795f567d034b50988d9ab.jpg, 0, 0, 0, 0, 0, 1
37-Front_jpg.rf.54af88f883bee953c1cfdd5883721327.jpg, 0, 1, 0, 0, 0, 0
24-Front_jpg.rf.53a4d3a81ff5cee901ba2067b085cb02.jpg, 0, 0, 1, 0, 0, 0
37-Left_jpg.rf.53b9b752c2b10d270c4a0939bda4f869.jpg, 0, 0, 1, 0, 0, 0
31-Top-Down_jpg.rf.527a0bcb39bb7eee3016913282c8a5a7.jpg, 1, 0, 0, 0, 0, 0
36-Front_jpg.rf.550129d5ea9d409b77abb710621f06e4.jpg, 0, 1, 0, 0, 0, 0
1-Front_jpg.rf.562b847c468eb61acb63229ae0182d44.jpg, 0, 0, 1, 0, 0, 0
33-Front_jpg.rf.54e39a0533aa35346554a900b7f3b6b0.jpg, 0, 1, 0, 0, 0, 0
36-Left_jpg.rf.54a6beb2c1091d31a467a98cbb1ceae7.jpg, 1, 0, 0, 0, 0, 0
14-Back_jpg.rf.559250bf353939be71f277657df89aab.jpg, 0, 0, 0, 1, 0, 0
37-Top-Down_jpg.rf.54b06dfcaae4599610f7d1805352a937.jpg, 0, 1, 0, 0, 0, 0
29-Right_jpg.rf.53d94564639dc3aef34f1de4490c6a95.jpg, 0, 1, 0, 0, 0, 0
3-Right_jpg.rf.55737a605ee6cba3841fbe0c8602890d.jpg, 0, 0, 1, 0, 0, 0
27-Left_jpg.rf.568a5efd7e4aa55967d0e50c99bbc3a1.jpg, 0, 0, 0, 0, 1, 0
30-Right_jpg.rf.8c0d783b7ec8a40a565364f9a725b019.jpg, 1, 0, 0, 0, 0, 0
20-Left_jpg.rf.8bf25145220ef09d5efaefcd68c54bb2.jpg, 0, 0, 1, 0, 0, 0
14-Back_jpg.rf.8c239b615ffd138f270c577f8dcc86bb.jpg, 0, 1, 0, 0, 0, 0
24-Right_jpg.rf.8860865c1efa0cb95d22f6d33ac3f66a.jpg, 0, 0, 1, 0, 0, 0
29-Back_jpg.rf.8bdf248c46b80789884ce1495ab0b70d.jpg, 0, 0, 1, 0, 0, 0
20-Left_jpg.rf.89abcb722760afec49c38120aca921b2.jpg, 0, 0, 1, 0, 0, 0
5-Right_jpg.rf.8ae93e87bd922756e6aa12da143f5e18.jpg, 0, 0, 0, 0, 1, 0
14-Right_jpg.rf.89458dd506f31fb8755760ac90c156b8.jpg, 0, 0, 0, 1, 0, 0
5-Front_jpg.rf.8a121437eb3c61a8117d8af1b1edd0f6.jpg, 0, 0, 0, 0, 0, 1
30-Right_jpg.rf.8ab0d1f41c408a784e702e75675f3a70.jpg, 0, 0, 1, 0, 0, 0
31-Right_jpg.rf.8bcb8092a83c51a5569e3dfeb0b79d0a.jpg, 1, 0, 0, 0, 0, 0
24-Left_jpg.rf.8c4a04f644d8dc02cdd2ba621e1c18fe.jpg, 1, 0, 0, 0, 0, 0
36-Back_jpg.rf.899686a3fc536a92e7dd88be080afddb.jpg, 1, 0, 0, 0, 0, 0
32Left_jpg.rf.888896585571fcefb812a5a87a7262e2.jpg, 1, 0, 0, 0, 0, 0
7-Back_jpg.rf.8b5d3a0924413691eb68d0169e9336e6.jpg, 0, 0, 1, 0, 0, 0
35-Back_jpg.rf.8bfe05c0c597e4d31ec21ddfcba8e6a5.jpg, 1, 0, 0, 0, 0, 0
55-Left_jpg.rf.8aea319198e00bf618262654b1ad7529.jpg, 0, 1, 0, 0, 0, 0
30-Left_jpg.rf.8861cb33977c8c1c842ef97ecc9f656d.jpg, 0, 0, 1, 0, 0, 0
11-Top-Down_jpg.rf.8a33e3fa398ea0dac09b5e046f8303be.jpg, 0, 0, 0, 0, 1, 0
24-Left_jpg.rf.8984c808f6da7f22b67d1653ec3d0314.jpg, 0, 0, 1, 0, 0, 0
24-Left_jpg.rf.8be2a6d6c8944bf4ba1bd84033cdd1b1.jpg, 0, 0, 1, 0, 0, 0
2-Front_jpg.rf.885df18823b42a456449a44938f8b560.jpg, 0, 0, 0, 0, 0, 1
4-Front_jpg.rf.8bcdddccbeb0de32eee99f94a1329e4d.jpg, 0, 1, 0, 0, 0, 0
4-Right_jpg.rf.8c0e3ef7d35f116400637f4b2e3093eb.jpg, 0, 0, 0, 0, 1, 0
39-Right_jpg.rf.8c274599ed98427e58d87dbea5dbd52f.jpg, 0, 1, 0, 0, 0, 0
51-Right_jpg.rf.8d6cef3effc8f8eb65960bd4c1286447.jpg, 0, 1, 0, 0, 0, 0
23-Back_jpg.rf.8cb42c760f14b6bd070eec5a6b122898.jpg, 0, 1, 0, 0, 0, 0
16-Back_jpg.rf.8d5ea1f999df126c2cd67b18a97295f5.jpg, 0, 0, 0, 0, 1, 0
6-Right_jpg.rf.8d94011583633b7130ec685c31762331.jpg, 0, 0, 0, 0, 0, 1
48-Right_jpg.rf.8cbadf40e27d7689d44acceac1c854a2.jpg, 0, 1, 0, 0, 0, 0
2-Back_jpg.rf.8e32ce277507a428994b89a74acb297b.jpg, 0, 1, 0, 0, 0, 0
25-Left_jpg.rf.8ed068bf10dab7fd1fa2b57b2a859adc.jpg, 0, 0, 0, 1, 0, 0
48-Left_jpg.rf.8f1b4e43584708e8cb59d174f34889f2.jpg, 0, 1, 0, 0, 0, 0
54-Right_jpg.rf.8e8e77f63d3821023602e7b457940bc6.jpg, 0, 1, 0, 0, 0, 0
37-Top-Down_jpg.rf.8eeff1b7254636055ffafc8ca0a21bd6.jpg, 1, 0, 0, 0, 0, 0
5-Back_jpg.rf.906fe0c7c67f05de7ed9c4b1ae1c2302.jpg, 0, 0, 0, 0, 1, 0
20-Top-Down_jpg.rf.903f23b25dc7bd14c5541dbc863b320e.jpg, 0, 0, 0, 0, 1, 0
14-Front_jpg.rf.8e490ab206a6a78571cd2c9dc237baa2.jpg, 0, 0, 0, 0, 1, 0
1-Right_jpg.rf.8db634b461392edfa732c708130cbf9b.jpg, 0, 0, 0, 1, 0, 0
14-Right_jpg.rf.902fe316fa31bfbb7ade6d9d016fc307.jpg, 0, 1, 0, 0, 0, 0
39-Left_jpg.rf.8f94f6ed25baa04c05c5cbebea1e8028.jpg, 0, 0, 1, 0, 0, 0
18-Left_jpg.rf.8f7990dfa59194f4ff91170d8ff1b7cb.jpg, 0, 0, 0, 0, 1, 0
13-Back_jpg.rf.8f2b378a783580f826498478fbccbc5d.jpg, 1, 0, 0, 0, 0, 0
36-Front_jpg.rf.8de2b0f7822f3da7abc985a2f78c9bf5.jpg, 1, 0, 0, 0, 0, 0
30-Top-Down_jpg.rf.90990900bc7cda3a11233388b8116e94.jpg, 0, 0, 1, 0, 0, 0
35-Front_jpg.rf.91e863197a22967c10f0922283240a17.jpg, 1, 0, 0, 0, 0, 0
24-Left_jpg.rf.903be90910bd6e193fc3945c386d57e9.jpg, 0, 1, 0, 0, 0, 0
35-Back_jpg.rf.917460ec06224a04237884544afab468.jpg, 1, 0, 0, 0, 0, 0
12-Top-Down_jpg.rf.8e9ee5619a99ed1ce13797067210eac6.jpg, 0, 0, 0, 1, 0, 0
10-Back_jpg.rf.9192f774d319d0e716e5022f9479f5e3.jpg, 0, 0, 1, 0, 0, 0
2-Right_jpg.rf.92393633b73337bb68cec631a0cfcca6.jpg, 0, 0, 0, 0, 1, 0
21-Right_jpg.rf.90fb759b08a76f9be32ebbdcf7d3e188.jpg, 1, 0, 0, 0, 0, 0
8-Front_jpg.rf.92da86a86e62d97e5b5b4f478a117762.jpg, 0, 0, 0, 0, 0, 1
16-Front_jpg.rf.8e43b4027e298ef6378d59011e3403d1.jpg, 0, 0, 1, 0, 0, 0
21-Top-Down_jpg.rf.91267cbd70534c0b0c6e74b3cde9bf60.jpg, 0, 0, 1, 0, 0, 0
14-Left_jpg.rf.8eaf7aa1ed1a97d6605d4b3893dfa069.jpg, 0, 1, 0, 0, 0, 0
14-Top-Down_jpg.rf.91af773e293f31ce3db7ae44f659d044.jpg, 0, 0, 0, 0, 1, 0
34-Right_jpg.rf.91dc1c723837b5b4628cae7873b3f5c5.jpg, 0, 1, 0, 0, 0, 0
25-Back_jpg.rf.92f30f0742946924aeb2d89bf0c0b708.jpg, 0, 0, 0, 0, 1, 0
27-Front_jpg.rf.91eb0768432fd7eb23ef23834ba732ba.jpg, 0, 0, 0, 1, 0, 0
20-Front_jpg.rf.926af59759841105bf533fcf9f691cf5.jpg, 0, 0, 0, 1, 0, 0
16-Back_jpg.rf.8e082223b07a910e6438bae43a8de092.jpg, 0, 0, 1, 0, 0, 0
1-Left_jpg.rf.8f024a45e65ab18c9ced706bdaf729d7.jpg, 0, 0, 0, 0, 0, 1
12-Right_jpg.rf.9302e4b621090397812c257ce3f0b917.jpg, 0, 0, 1, 0, 0, 0
22-Top-Down_jpg.rf.93d627e8ab818ede1ef91c027748029a.jpg, 0, 0, 0, 0, 1, 0
6-Front_jpg.rf.932809d63a098db5efe53fb9f1cd885d.jpg, 0, 0, 0, 1, 0, 0
12-Right_jpg.rf.93f347ff9d12a503005de8b2663049b4.jpg, 0, 0, 0, 0, 0, 1
24-Top-Down_jpg.rf.94214c659a64fe4d4cf625ac7e9c45eb.jpg, 0, 0, 0, 1, 0, 0
14-Left_jpg.rf.91704fc8c0e232052a25497854189d89.jpg, 0, 1, 0, 0, 0, 0
8-Left_jpg.rf.942cdba1e89851c42bad0f1303fd7a2c.jpg, 0, 0, 0, 1, 0, 0
31Left_jpg.rf.8fec96e0f5865f00eb26e722b5807728.jpg, 1, 0, 0, 0, 0, 0
37-Front_jpg.rf.93955fdd6f81b572ef44e7a79e175e71.jpg, 0, 1, 0, 0, 0, 0
27-Left_jpg.rf.93066459068685fa750154575aaedf07.jpg, 0, 0, 0, 1, 0, 0
24-Back_jpg.rf.95dc63b57cc0b60a870136dbfbbe2387.jpg, 0, 0, 0, 1, 0, 0
11-Front_jpg.rf.95e2d70dd8abab72692a938ea7712304.jpg, 0, 0, 1, 0, 0, 0
10-Left_jpg.rf.94b987803f394b5cffcbbc2469ab40bb.jpg, 0, 0, 1, 0, 0, 0
18-Top-Down_jpg.rf.93d8d931c135380aa75474542caf2b8e.jpg, 0, 0, 0, 1, 0, 0
13-Left_jpg.rf.95e7fd91b921f1611717c86cdcb2290c.jpg, 0, 0, 0, 0, 0, 1
2-Top-Down_jpg.rf.96b68880b59c9c538d0c3812a94f3989.jpg, 0, 0, 0, 0, 0, 1
16-Back_jpg.rf.93b93860d0400f67331d8540425e042a.jpg, 0, 0, 0, 0, 0, 1
20-Top-Down_jpg.rf.963cbd2bb491e48b5090df811a6fad02.jpg, 1, 0, 0, 0, 0, 0
19-Left_jpg.rf.96da6e45dc498d0ecfcf881f9ba545d0.jpg, 1, 0, 0, 0, 0, 0
25-Back_jpg.rf.976b3ffaef719bbaa3405b12ea318176.jpg, 0, 0, 0, 1, 0, 0
29-Right_jpg.rf.9607a3744f531e1a2b970f4a4df16e3f.jpg, 0, 1, 0, 0, 0, 0
27-Top-Down_jpg.rf.978922fa582cc2cb82b22ff697d8f357.jpg, 0, 0, 0, 1, 0, 0
14-Left_jpg.rf.97e579fba0c421c82a62c1907919eece.jpg, 0, 0, 0, 1, 0, 0
2-Back_jpg.rf.979484e9351cc29e882a82fa01d0a685.jpg, 0, 1, 0, 0, 0, 0
20-Back_jpg.rf.96bcede8f54049ac7047ac87d7d91e75.jpg, 0, 0, 1, 0, 0, 0
57-Right_jpg.rf.972da789db73f7855d7df966db50a694.jpg, 0, 1, 0, 0, 0, 0
11-Left_jpg.rf.94318e8600ce3b433515dde145421674.jpg, 0, 0, 0, 0, 1, 0
22-Right_jpg.rf.96ed5b1e90ebc2a60e2c8dd8e2349b9e.jpg, 0, 0, 0, 0, 1, 0
7-Front_jpg.rf.98898bf41efe9a8656695c61b0fcd333.jpg, 0, 0, 0, 1, 0, 0
27-Right_jpg.rf.9a4e2e5b207a266102c1495f3367a7c9.jpg, 0, 0, 1, 0, 0, 0
16-Right_jpg.rf.98e37f390d5d5c6474c12b62b4098990.jpg, 0, 0, 1, 0, 0, 0
1-Front_jpg.rf.993a42e70d717bcde661f47a9db1a175.jpg, 0, 0, 1, 0, 0, 0
20-Left_jpg.rf.94f3db461cc5101525ad04abfee7e517.jpg, 0, 0, 0, 1, 0, 0
27-Back_jpg.rf.97d7856cac1a102907602c1dec4141a9.jpg, 0, 0, 0, 1, 0, 0
3-Front_jpg.rf.98c92a2e8a5c72864ae179dee034d220.jpg, 0, 0, 0, 0, 0, 1
11-Back_jpg.rf.9ac914c85e33c7265b73df8393e04224.jpg, 0, 0, 0, 1, 0, 0
16-Back_jpg.rf.968c79c1333a0a9869e7aa3c2ce8b806.jpg, 0, 0, 1, 0, 0, 0
7-Left_jpg.rf.98b24aeae4b43695cea02011c2c3818e.jpg, 0, 0, 0, 0, 0, 1
5-Top-Down_jpg.rf.985885cf8958e59fb4d88aa7ab9dd40b.jpg, 0, 0, 0, 0, 1, 0
11-Top-Down_jpg.rf.9a8989f250426fa010773bf610f2adac.jpg, 0, 0, 0, 0, 0, 1
18-Front_jpg.rf.9accafcc4f21ac3e83b900efdc55bac9.jpg, 0, 0, 0, 1, 0, 0
4-Top-Down_jpg.rf.98766f5dc233a48ee98a05d232647fa4.jpg, 0, 0, 0, 0, 1, 0
14-Right_jpg.rf.9add6596ac331d663fd07880ed58a5f7.jpg, 0, 1, 0, 0, 0, 0
22-Right_jpg.rf.9afde20c7ef1ca16a2fdadcfda73fe74.jpg, 1, 0, 0, 0, 0, 0
2-Top-Down_jpg.rf.9c72b99d7ceda281ed106b402bfbcafb.jpg, 0, 0, 0, 1, 0, 0
20-Top-Down_jpg.rf.9c5db3719c7a432595c938bef2f972a0.jpg, 0, 0, 1, 0, 0, 0
23-Back_jpg.rf.9c07e46a41a9d2803566e4494d4e7ad6.jpg, 0, 0, 0, 0, 1, 0
10-Left_jpg.rf.9e2b3fb22259f9e397515c6e238a974f.jpg, 0, 0, 0, 1, 0, 0
1-Back_jpg.rf.96de028d5c6ac172f82d07ba08d79316.jpg, 0, 0, 0, 0, 0, 1
33-Back_jpg.rf.9c480aa6ebe77f266f96484088b22cbd.jpg, 0, 1, 0, 0, 0, 0
21-Back_jpg.rf.9ab8365f2061b2d39e998ba53ea1324c.jpg, 0, 0, 1, 0, 0, 0
11-Left_jpg.rf.9eebca2b371f3f765270bf0fe23db02e.jpg, 0, 0, 1, 0, 0, 0
28-Right_jpg.rf.9ee9d443d0f44ff7b59fc00a2f6dae37.jpg, 0, 0, 0, 0, 1, 0
22-Top-Down_jpg.rf.9aa81475d90fcdff108105c9e8cfd997.jpg, 1, 0, 0, 0, 0, 0
23-Right_jpg.rf.9b74e9397f66d0bba1aed7829e69b046.jpg, 0, 0, 0, 1, 0, 0
4-Back_jpg.rf.9fe3c0fbed93f0b07011af4f79a400ff.jpg, 0, 0, 0, 0, 0, 1
3-Right_jpg.rf.9b2143bba6bb9a0f08ada41f6062c6e8.jpg, 1, 0, 0, 0, 0, 0
4-Left_jpg.rf.a21ea6831395634187aa531c129c5533.jpg, 0, 0, 0, 0, 1, 0
37-Top-Down_jpg.rf.a00469fffe6d09bdb83cec8f66afb625.jpg, 0, 0, 1, 0, 0, 0
27-Right_jpg.rf.a1b5e38b88bd9237711900644e897aa8.jpg, 0, 0, 1, 0, 0, 0
50-Front_jpg.rf.a12ccbb75b150b6b7d8a4b0dfb711b7c.jpg, 0, 1, 0, 0, 0, 0
38-Left_jpg.rf.a0611d95220384b78c8deabf0d1f56c7.jpg, 0, 1, 0, 0, 0, 0
5-Right_jpg.rf.9ea1343a8ddc30386c6d4acfdcdaab7d.jpg, 0, 0, 0, 0, 0, 1
21-Back_jpg.rf.9e6efecc4a6e5cd56fc4afe99bdaa8c8.jpg, 0, 0, 0, 0, 1, 0
6-Front_jpg.rf.9ce1827621c6ec18a92e31895143c15b.jpg, 0, 1, 0, 0, 0, 0
7-Top-Down_jpg.rf.9c8db6672e161ac384039bf40ba733fe.jpg, 0, 0, 1, 0, 0, 0
24-Front_jpg.rf.a21c611c1d8944db6f2f7daeee5ae7ac.jpg, 0, 0, 1, 0, 0, 0
12-Left_jpg.rf.a2ec8c673ab3173fa18ae2ec05699292.jpg, 0, 0, 0, 1, 0, 0
37-Back_jpg.rf.a2e51189d3a019e54ac3a7cde675207b.jpg, 0, 0, 1, 0, 0, 0
24-Front_jpg.rf.a18cd4acd0ca6a08889e537ff42be707.jpg, 0, 0, 1, 0, 0, 0
28-Front_jpg.rf.a30c13b0027b9fe408026b592caea253.jpg, 1, 0, 0, 0, 0, 0
31Left_jpg.rf.a16854d0c01857904e79301e1666bbff.jpg, 1, 0, 0, 0, 0, 0
16-Left_jpg.rf.a2ba9f9a7577ffd7705f410e5d35da6d.jpg, 0, 0, 0, 1, 0, 0
27-Back_jpg.rf.a335a13cad6ce897a69b3e7a4c1495f0.jpg, 0, 0, 0, 1, 0, 0
35-Front_jpg.rf.9d23e7b1b8dde77d3f56c010f6b132b6.jpg, 0, 0, 1, 0, 0, 0
36-Right_jpg.rf.a32a6702ea9e3d26304905344de4bc58.jpg, 1, 0, 0, 0, 0, 0
2-Top-Down_jpg.rf.a2fb744a8e158abaebbd9aaaccfa98dd.jpg, 0, 0, 0, 1, 0, 0
11-Top-Down_jpg.rf.a24ec4af148fc17af6faf2a67c243c15.jpg, 0, 0, 0, 1, 0, 0
37-Back_jpg.rf.a47b0ae7ca02cdbad40e3da0a4e69945.jpg, 0, 1, 0, 0, 0, 0
24-Right_jpg.rf.9f3ca9ced741de8f9748c8b0bf353965.jpg, 0, 0, 1, 0, 0, 0
2-Right_jpg.rf.a432973627da4bf76082325418645524.jpg, 1, 0, 0, 0, 0, 0
20-Front_jpg.rf.a503d73ac525a3bf9dde4b4efa329fec.jpg, 0, 0, 0, 1, 0, 0
17-Left_jpg.rf.a575b9674989e2a4331860205fe66679.jpg, 1, 0, 0, 0, 0, 0
27-Right_jpg.rf.a42a364ab243c56c04468f2c70407855.jpg, 1, 0, 0, 0, 0, 0
51-Back_jpg.rf.a5bf709b6b1d94dd6de67d8042ea8a0d.jpg, 0, 1, 0, 0, 0, 0
51-Back_jpg.rf.a539d9faf6639df3e2698c214994bfcc.jpg, 0, 1, 0, 0, 0, 0
24-Top-Down_jpg.rf.a5eb2afd75c98812f3b69538926bb36e.jpg, 0, 0, 0, 0, 1, 0
19-Front_jpg.rf.a571dede9c9f390b1a9e93128de989e2.jpg, 1, 0, 0, 0, 0, 0
2-Left_jpg.rf.a5c7d1eedfe463db32bd9b2f6b709865.jpg, 0, 0, 0, 0, 1, 0
18-Right_jpg.rf.a5a83673a9c08996a9f6b251abcbeb3a.jpg, 0, 0, 0, 1, 0, 0
3-Front_jpg.rf.a6de64e4cda23d16c4175dcef865ed94.jpg, 1, 0, 0, 0, 0, 0
4-Front_jpg.rf.a38470ac1967a2cb9e851fb9d17c1c83.jpg, 0, 1, 0, 0, 0, 0
20-Front_jpg.rf.a7b6367825cb58c90a484e8685167495.jpg, 1, 0, 0, 0, 0, 0
18-Front_jpg.rf.a6f8cf9ff63a95d8af4313b8b1819dea.jpg, 0, 0, 1, 0, 0, 0
14-Right_jpg.rf.a711d056e3b1a12a6b1ab59f94ea20f2.jpg, 0, 0, 0, 0, 0, 1
23-Back_jpg.rf.a638fa0e7ca9e41067ccb4c16fe21068.jpg, 0, 0, 0, 1, 0, 0
7-Left_jpg.rf.a673c5e66db3bd592c5926c6e1001494.jpg, 0, 0, 1, 0, 0, 0
23-Right_jpg.rf.a54652ae1709c8e28e3a4a137bf3951c.jpg, 1, 0, 0, 0, 0, 0
26-Left_jpg.rf.a88249b97395a6a8bc34fb03a173ef80.jpg, 0, 0, 0, 1, 0, 0
24-Top-Down_jpg.rf.a6196ac904552fd6c4cfb2d64fa90326.jpg, 0, 0, 1, 0, 0, 0
20-Back_jpg.rf.a84f48591c46466316516565bf9f5728.jpg, 0, 0, 0, 1, 0, 0
19-Front_jpg.rf.a94ef4175f2ab186cf941c476c94efe4.jpg, 0, 0, 0, 0, 1, 0
12-Top-Down_jpg.rf.a903b00fdc177af69fd574c38f6cddfd.jpg, 0, 0, 1, 0, 0, 0
16-Left_jpg.rf.a836ccc2e6f0451a28a3d384de2625cd.jpg, 0, 0, 0, 0, 0, 1
25-Back_jpg.rf.a84930b541e5b7b356b1cfcf74899f47.jpg, 0, 0, 0, 1, 0, 0
11-Front_jpg.rf.a7b7c8e457e4c742f9598faef46c9a55.jpg, 0, 0, 0, 1, 0, 0
30-Left_jpg.rf.aa0c635e9c02499cbfedb7abd22dfa1a.jpg, 0, 0, 0, 0, 1, 0
37-Right_jpg.rf.a53176b20994c2a1960b41125e7ad74f.jpg, 0, 1, 0, 0, 0, 0
13-Front_jpg.rf.a9fece641ce03520a44527ba5b63e54e.jpg, 0, 0, 0, 0, 0, 1
11-Right_jpg.rf.a74c7941f26b59c34a298a6a16d9e55f.jpg, 0, 0, 0, 0, 0, 1
27-Left_jpg.rf.a9748d0bee1e5b50758a8ed6a1fcae83.jpg, 1, 0, 0, 0, 0, 0
17-Top-Down_jpg.rf.a720a303abb2a3fac33196efb3fbd3ce.jpg, 0, 0, 0, 1, 0, 0
6-Top-Down_jpg.rf.aabd43bdedcb8db53bbd989d6484d1a8.jpg, 1, 0, 0, 0, 0, 0
27-Back_jpg.rf.a72eb522ee90bd1daaad12ad3e96ff77.jpg, 0, 0, 0, 0, 1, 0
4-Right_jpg.rf.aabad60e0e0b2aee22d8e0c770fc93d0.jpg, 0, 0, 0, 0, 0, 1
3-Right_jpg.rf.ab310fd5d3e11fb233464037863e6f8c.jpg, 0, 0, 0, 0, 0, 1
27-Front_jpg.rf.aa6b2147d0e1a248be44592855b44943.jpg, 0, 0, 0, 1, 0, 0
6-Back_jpg.rf.a9731560ce5ab5eb78b0227492cb2c72.jpg, 1, 0, 0, 0, 0, 0
25-Left_jpg.rf.a842c050359c27ba614a03a51e0f5154.jpg, 0, 0, 0, 0, 1, 0
11-Top-Down_jpg.rf.ab8ddbca2dd4711bcc040245f8d471b2.jpg, 0, 0, 0, 0, 0, 1
34-Front_jpg.rf.adb4c06dec3b2af29b1e2a3817dc36db.jpg, 0, 0, 1, 0, 0, 0
21-Front_jpg.rf.a72926f0414fcabe2f0bdeb812298130.jpg, 0, 0, 1, 0, 0, 0
37-Back_jpg.rf.abdfa5908d0f3e143026a4abd611ea2d.jpg, 0, 0, 1, 0, 0, 0
54-Right_jpg.rf.ab7b1bf1c48b5d89c0d7f2a5de565233.jpg, 0, 1, 0, 0, 0, 0
10-Right_jpg.rf.a9f910f73763efb6fe1a07228e5d5f58.jpg, 0, 0, 0, 0, 0, 1
14-Back_jpg.rf.acf839574f49b459cb5383729a096e54.jpg, 0, 1, 0, 0, 0, 0
34-Left_jpg.rf.aa0d6b5b1f7c79028377af1700080d2b.jpg, 0, 1, 0, 0, 0, 0
13-Back_jpg.rf.ace9d398ee044b77ce74b01d03fa6a6c.jpg, 0, 0, 0, 1, 0, 0
39-Back_jpg.rf.ac818cfbf79a6c51cbd5ab83a85575d3.jpg, 0, 0, 1, 0, 0, 0
26-Left_jpg.rf.ab3385d2d0b67ef07740faff906b31b6.jpg, 0, 0, 0, 1, 0, 0
57-Front_jpg.rf.aea5176a1bd08f4b358da31680cdc0b9.jpg, 0, 1, 0, 0, 0, 0
3-Top-Down_jpg.rf.ad6394aeb4200d4d0424aa4c9c7e8e4c.jpg, 0, 0, 0, 0, 0, 1
4-Right_jpg.rf.af7803f4d3a930d974296534c5e96417.jpg, 0, 0, 0, 0, 1, 0
14-Front_jpg.rf.afad639577fbbad7be2bc2376d787277.jpg, 0, 0, 0, 0, 0, 1
13-Left_jpg.rf.b07044b9e1e6fa830600b5cedb80709a.jpg, 1, 0, 0, 0, 0, 0
24-Front_jpg.rf.b081c431a051daf2b2c6adb1a8ed420c.jpg, 0, 1, 0, 0, 0, 0
9-Top-Down_jpg.rf.ae413ec21cd87feba0bba6586bb5a15a.jpg, 0, 0, 0, 0, 0, 1
16-Right_jpg.rf.adc7b156142a3cf98dd9bda3cd993185.jpg, 0, 0, 1, 0, 0, 0
40-Right_jpg.rf.ac08f2bfe9668ecb6a9abb14c9048de6.jpg, 0, 1, 0, 0, 0, 0
24-Right_jpg.rf.b01da044e8433e40d9ead063be63e6a3.jpg, 0, 1, 0, 0, 0, 0
54-Back_jpg.rf.aefdce6f1ec3f9195b37498dda43febe.jpg, 0, 1, 0, 0, 0, 0
39-Top-Down_jpg.rf.af6e542509c7f4f163e23c6e9da2810f.jpg, 0, 1, 0, 0, 0, 0
8-Top-Down_jpg.rf.afc766f19721cb6a458dd0cb954b3680.jpg, 0, 0, 0, 0, 0, 1
16-Left_jpg.rf.b1584d653146f8dc21a43e60ad025aa5.jpg, 0, 0, 0, 0, 0, 1
37-Back_jpg.rf.b0d9a779e53380955d92a54fcabce5b9.jpg, 0, 1, 0, 0, 0, 0
15-Right_jpg.rf.affb0f232c0fae3846337d26ed5e688b.jpg, 0, 0, 0, 0, 1, 0
33-Front_jpg.rf.b1431b594a3515b67d863ccc60bc346b.jpg, 0, 1, 0, 0, 0, 0
31-Right_jpg.rf.af0d423223a50453bbf6f1238c943527.jpg, 1, 0, 0, 0, 0, 0
7-Front_jpg.rf.b3019d26660d375929ed5a558450d2a3.jpg, 0, 0, 0, 0, 0, 1
14-Front_jpg.rf.afd805ccfba076d93c4873e8a382ed5c.jpg, 1, 0, 0, 0, 0, 0
15-Top-Down_jpg.rf.b0dd7db31a4816ba30e24270cc35eec6.jpg, 0, 0, 1, 0, 0, 0
2-Left_jpg.rf.b3a24965264d82c2b06300f94b4f3223.jpg, 0, 0, 0, 0, 1, 0
36-Top-Down_jpg.rf.b2280e2a36cc594da06315c99e828e77.jpg, 0, 0, 1, 0, 0, 0
28-Right_jpg.rf.b281b7109f95124026f037d8b4cbe711.jpg, 1, 0, 0, 0, 0, 0
4-Top-Down_jpg.rf.b3c12a3aae387b7b30e3a2c6327f8349.jpg, 0, 0, 0, 0, 1, 0
48-Left_jpg.rf.b3fbd52d372a0e8aa22643501a9d3833.jpg, 0, 1, 0, 0, 0, 0
33-Left_jpg.rf.b51e825df34a85fc6f2e1e59cd13b8a3.jpg, 0, 1, 0, 0, 0, 0
16-Right_jpg.rf.b3ac991b75d84b14e384586dfc55e5e1.jpg, 0, 0, 0, 1, 0, 0
7-Back_jpg.rf.af1bbdde00fe78c11b41d604833b44f9.jpg, 0, 0, 0, 0, 0, 1
29-Back_jpg.rf.b2b1fe9914681287320c75cbd9b157ac.jpg, 0, 0, 1, 0, 0, 0
37-Left_jpg.rf.afdeadd07c260b8781c9534bf748b331.jpg, 0, 0, 1, 0, 0, 0
23-Top-Down_jpg.rf.b1649070e092f03e659ea94b6b3efe84.jpg, 0, 0, 1, 0, 0, 0
1-Front_jpg.rf.b5b67f68146e19cf71f4263bea3ba589.jpg, 0, 0, 1, 0, 0, 0
17-Front_jpg.rf.b3cc1c4ce27029b4bb0bf56e714b1b8d.jpg, 0, 0, 0, 0, 0, 1
25-Front_jpg.rf.b496b842bedf0bd890cc1db824bdf4bd.jpg, 0, 0, 0, 1, 0, 0
18-Left_jpg.rf.b4265b61bb01b00233ae9df7376c6de4.jpg, 0, 0, 1, 0, 0, 0
28-Front_jpg.rf.af62444f90963e6ec4832fa481db98bf.jpg, 0, 0, 0, 0, 1, 0
28-Front_jpg.rf.b346dd26fdce20fe294c3bd44d51db25.jpg, 0, 0, 0, 0, 1, 0
4-Left_jpg.rf.b65ba6dd4a59449e8354eb3f1292a58d.jpg, 0, 0, 0, 0, 1, 0
20-Front_jpg.rf.b69e4d7df7c7e9d5a883160673299593.jpg, 0, 0, 0, 1, 0, 0
11-Top-Down_jpg.rf.b486539423049c8fa0ea64e7eb500290.jpg, 0, 0, 0, 1, 0, 0
37-Right_jpg.rf.b58172d588920a21360599b5b9eb9dd1.jpg, 1, 0, 0, 0, 0, 0
50-Back_jpg.rf.b555da487bdb1a8fa4c7ee6f1036f90b.jpg, 0, 1, 0, 0, 0, 0
15-Right_jpg.rf.b51badd821d1a7092feb0823e7cff7ff.jpg, 0, 0, 0, 0, 0, 1
29-Right_jpg.rf.b3c4d17a55c0746a53a5e6ac3f06f8d8.jpg, 0, 1, 0, 0, 0, 0
14-Left_jpg.rf.b7094bbd1633855fd144d6f9b4cd141c.jpg, 1, 0, 0, 0, 0, 0
27-Right_jpg.rf.b4e853bbaada1df165bd8be762d67c6c.jpg, 0, 0, 1, 0, 0, 0
14-Left_jpg.rf.b5393607e9c667950471f8da7fb2e833.jpg, 0, 0, 0, 1, 0, 0
29-Left_jpg.rf.b71c91a865fed2084210722b28a008b3.jpg, 0, 0, 0, 0, 1, 0
31-Right_jpg.rf.b75c680db631342f5f45babff60f0516.jpg, 0, 1, 0, 0, 0, 0
23-Top-Down_jpg.rf.b5269b73beac38e527f7e2dd582eefc1.jpg, 0, 0, 0, 1, 0, 0
33-Right_jpg.rf.b7da446f0569515d2aaefae331c94ed8.jpg, 1, 0, 0, 0, 0, 0
1-Right_jpg.rf.b73e1a464efc0d8b2f973cfe4f6bbe3b.jpg, 0, 0, 0, 1, 0, 0
14-Right_jpg.rf.b74eed86771499977153151a5b18b2f3.jpg, 0, 0, 0, 0, 0, 1
6-Top-Down_jpg.rf.b6b0471b313ae2b2c315e191db35ff56.jpg, 0, 0, 0, 0, 0, 1
40-Right_jpg.rf.b820cef50b20bcaa56a5a498ecf455b2.jpg, 0, 1, 0, 0, 0, 0
23-Right_jpg.rf.b77104c2c684defd145761f5e0f1b932.jpg, 0, 0, 1, 0, 0, 0
23-Front_jpg.rf.00aad5c205a8c8aa237a0d952bccc4e0.jpg, 0, 0, 1, 0, 0, 0
30-Right_jpg.rf.049ea54fcd4a1377a595128f8187b75b.jpg, 1, 0, 0, 0, 0, 0
21-Front_jpg.rf.000e91239280e7b3455471fe821b8c62.jpg, 0, 0, 0, 1, 0, 0
31-Top-Down_jpg.rf.02277d3df32613253b515d56ef76d8f3.jpg, 1, 0, 0, 0, 0, 0
18-Right_jpg.rf.04cc0c275783a2f93b9f94d63edb42ab.jpg, 0, 0, 0, 0, 1, 0
14-Front_jpg.rf.01791aee8353f7af46ccdbb5cc9d0c61.jpg, 0, 0, 0, 0, 1, 0
57-Right_jpg.rf.020c19241f14ef5924f6ccab6ccebb8c.jpg, 0, 1, 0, 0, 0, 0
35-Back_jpg.rf.00b41734ed017e686992968f6ebd8eb2.jpg, 0, 0, 1, 0, 0, 0
51-Top-Down_jpg.rf.055281709e7b3a2efd47e6eca6bbcf84.jpg, 0, 1, 0, 0, 0, 0
20-Left_jpg.rf.0423501010974619cde10e35fa7a6e72.jpg, 0, 0, 0, 0, 1, 0
50-Back_jpg.rf.05f791d08e578a24f333dc6161d913ec.jpg, 0, 1, 0, 0, 0, 0
27-Left_jpg.rf.04013138168719490ac61c8f434d19a8.jpg, 0, 0, 0, 0, 1, 0
30-Top-Down_jpg.rf.010eb9c1374978fa158320c302c381ce.jpg, 0, 0, 1, 0, 0, 0
23-Top-Down_jpg.rf.026e5ca30e529edc6592aa621de7b1a2.jpg, 0, 0, 1, 0, 0, 0
35-Front_jpg.rf.013ae35988d81812f00f1585f031cdc0.jpg, 1, 0, 0, 0, 0, 0
2-Top-Down_jpg.rf.068e4ff042e14b1c04f084ae013841db.jpg, 1, 0, 0, 0, 0, 0
13-Front_jpg.rf.05203a48014f1f37fc6780272e1c90a1.jpg, 0, 0, 0, 0, 0, 1
6-Top-Down_jpg.rf.02a3d0033fb0f8f2744d1245686837a3.jpg, 0, 0, 0, 0, 0, 1
1-Back_jpg.rf.04407ec2dd8bc54551d7a6ecab14f7eb.jpg, 0, 0, 0, 0, 0, 1
22-Back_jpg.rf.00d1abcfc25917df3a97d1add5fa158d.jpg, 1, 0, 0, 0, 0, 0
35-Front_jpg.rf.067a443c1ad41ccad351910a26f5ea5d.jpg, 0, 0, 1, 0, 0, 0
54-Right_jpg.rf.048bc5a6aa55ccc8d35853da81628cb2.jpg, 0, 1, 0, 0, 0, 0
37-Right_jpg.rf.06a04a51ed429fd875d8f6136046adfa.jpg, 0, 1, 0, 0, 0, 0
27-Front_jpg.rf.03e13b46d7d65eea63b13318ba79f6db.jpg, 0, 0, 0, 1, 0, 0
26-Front_jpg.rf.062fb1fb8f9f138e026fa2e044ef4e78.jpg, 0, 0, 0, 1, 0, 0
37-Top-Down_jpg.rf.07100637ecf7ced1c79e8988c05b2279.jpg, 1, 0, 0, 0, 0, 0
4-Left_jpg.rf.08569d59d779480988b57cc298e2e33d.jpg, 0, 0, 0, 0, 0, 1
8-Back_jpg.rf.06fcd6a59f75f9ff77d451785e04832f.jpg, 0, 0, 0, 1, 0, 0
3-Right_jpg.rf.06a7253e97232bbd1efd373729b028b7.jpg, 0, 0, 1, 0, 0, 0
6-Right_jpg.rf.0763aa4b092498928c321843b4a67155.jpg, 0, 1, 0, 0, 0, 0
30-Left_jpg.rf.07b76dbfd6804a86690f86e7fb7b64d4.jpg, 0, 0, 0, 0, 1, 0
13-Top-Down_jpg.rf.08399e7e9f7be118dec1a39d0f3f5efb.jpg, 0, 0, 0, 0, 1, 0
37-Front_jpg.rf.08ce0fc848e9fdfbed5df28e9a6b036f.jpg, 1, 0, 0, 0, 0, 0
21-Back_jpg.rf.08d86bb52ca9c175a8c81d4ca7d6493c.jpg, 0, 0, 0, 0, 1, 0
18-Back_jpg.rf.090fb3ba4a3796d39d562edb33e2db7a.jpg, 0, 0, 0, 1, 0, 0
14-Back_jpg.rf.03b08c01a70ca6c022c950b71f584a86.jpg, 0, 0, 1, 0, 0, 0
1-Front_jpg.rf.097d41b7acce04e0299fba0b5148737f.jpg, 1, 0, 0, 0, 0, 0
38-Right_jpg.rf.0a3bb0902fde73b677ec6cd094f673e8.jpg, 0, 1, 0, 0, 0, 0
17-Top-Down_jpg.rf.0a89457557acf9534d7d5a26012de744.jpg, 0, 1, 0, 0, 0, 0
50-Right_jpg.rf.0850eedc632906af7f0afc413788d2e4.jpg, 0, 1, 0, 0, 0, 0
2-Right_jpg.rf.086dc2867bd7d5c68563054fdeb43e9e.jpg, 0, 0, 0, 1, 0, 0
39-Left_jpg.rf.0a6b8cc82e371984cb4f6528ffd6520b.jpg, 0, 1, 0, 0, 0, 0
36-Front_jpg.rf.098f9049a54b2512a30b8259930471d5.jpg, 0, 0, 1, 0, 0, 0
20-Left_jpg.rf.0bf543320f79b0ec1786ac96e75ce191.jpg, 0, 0, 1, 0, 0, 0
1-Right_jpg.rf.0714f61efe80d8eadba9f9fc297bc37b.jpg, 0, 0, 0, 0, 0, 1
26-Left_jpg.rf.09ec851c7d4e836189e09848cc76a843.jpg, 0, 0, 0, 0, 1, 0
24-Front_jpg.rf.0c50b0b3efbf93f5e76d826701bd8dfc.jpg, 0, 1, 0, 0, 0, 0
39-Back_jpg.rf.0d0e44413d2a83828fc6e3f5f5b30552.jpg, 0, 0, 1, 0, 0, 0
11-Left_jpg.rf.0d29ec70a30d4d0b1ebeb2bca8c34d69.jpg, 0, 0, 0, 1, 0, 0
15-Right_jpg.rf.0d2c7ccc951a008b81384708ef1e4063.jpg, 0, 0, 0, 0, 0, 1
11-Right_jpg.rf.0afee2e7954d513158a28bb99f346efe.jpg, 0, 0, 0, 1, 0, 0
27-Right_jpg.rf.0c67ef03b3fa1b1f66abaf3ca6f3aad2.jpg, 1, 0, 0, 0, 0, 0
13-Left_jpg.rf.0da51c7e0ed54fa6f055e8085c825c75.jpg, 1, 0, 0, 0, 0, 0
14-Left_jpg.rf.0d542dd9372b56db29eb58732551543f.jpg, 0, 1, 0, 0, 0, 0
11-Left_jpg.rf.0be9822d7247f0ddc6d62f69cf4f1fb7.jpg, 0, 0, 0, 1, 0, 0
23-Back_jpg.rf.0dc06f06013e373fa5c1449a9fd3d569.jpg, 0, 0, 1, 0, 0, 0
6-Left_jpg.rf.0d7a4e86a5831abb6cef1f5518ed23cd.jpg, 0, 0, 0, 1, 0, 0
15-Left_jpg.rf.0d5355f9a8002a7b9b0ba66a4cb14b6a.jpg, 0, 0, 0, 0, 1, 0
18-Right_jpg.rf.0da9ee163ff1ac1dfb6dc65d7c832c85.jpg, 0, 0, 0, 1, 0, 0
2-Back_jpg.rf.0d2ca877a275f6ad983b599a31e2332a.jpg, 0, 0, 0, 0, 1, 0
6-Top-Down_jpg.rf.0e2932916c42c072ef65143d80f7d365.jpg, 1, 0, 0, 0, 0, 0
33-Top-Down_jpg.rf.0ec0b56826c0fc20e018367ae8bf2e81.jpg, 1, 0, 0, 0, 0, 0
50-Left_jpg.rf.0de849d72b07454bf83172e997989793.jpg, 0, 1, 0, 0, 0, 0
24-Right_jpg.rf.0b7d9e8428256496c15b2ee3b18267af.jpg, 0, 0, 0, 1, 0, 0
22-Front_jpg.rf.0c61f735c813647134ff239714d19b38.jpg, 0, 0, 0, 1, 0, 0
27-Back_jpg.rf.0eb956c18da90b23c06ebb15b2ee3d50.jpg, 0, 0, 0, 0, 1, 0
21-Back_jpg.rf.0dd29c593dbd0d91c1c6f292d8300f15.jpg, 0, 0, 0, 1, 0, 0
25-Left_jpg.rf.0f2c10ca701fd149faa18c69c0c99ab0.jpg, 0, 0, 0, 1, 0, 0
10-Left_jpg.rf.0efc107df914839be067d0ad808a36ff.jpg, 0, 0, 1, 0, 0, 0
13-Back_jpg.rf.0f244a48eef30c81dca7ff2826f0ac74.jpg, 0, 0, 0, 0, 0, 1
2-Right_jpg.rf.0f52de83cf020fe82df457bdd5e2a201.jpg, 0, 0, 0, 0, 1, 0
14-Top-Down_jpg.rf.109dbc5ab5ef9ce3af135fb9adf2a87e.jpg, 0, 0, 0, 0, 0, 1
15-Front_jpg.rf.10b9d888d30f57d6f1dfa1057840e8fe.jpg, 0, 0, 0, 0, 0, 1
2-Right_jpg.rf.0e82b8291f3321b46b2b359332745bc1.jpg, 0, 0, 0, 1, 0, 0
23-Back_jpg.rf.0fb0e3a2d226bc3b27aa6fddfd67dbfd.jpg, 0, 0, 0, 0, 1, 0
31-Left_jpg.rf.102211ee389ad34ba339422091ec6870.jpg, 0, 0, 1, 0, 0, 0
16-Back_jpg.rf.0f0f9dc8620779a638c1bfa8a8681326.jpg, 0, 0, 0, 1, 0, 0
11-Right_jpg.rf.10c8d72bdeddd26cd583fe6b451a97d8.jpg, 0, 0, 0, 0, 0, 1
25-Back_jpg.rf.0f4490f33baadc8ec9647a39d8e2736d.jpg, 0, 0, 0, 0, 1, 0
31-Right_jpg.rf.0f4e6e020dac4962c18d37c4504f9b01.jpg, 0, 1, 0, 0, 0, 0
7-Top-Down_jpg.rf.10637fe83c9a0e97748610e7f16e92e0.jpg, 0, 0, 1, 0, 0, 0
3-Right_jpg.rf.1229012909bb7f28cb0fe142c120adf2.jpg, 0, 0, 0, 0, 0, 1
24-Left_jpg.rf.116c1933b5e9512b36fe348b240a5e36.jpg, 1, 0, 0, 0, 0, 0
11-Top-Down_jpg.rf.0f12bb4e0aa0a416a3b4923e44a002d2.jpg, 0, 0, 0, 0, 1, 0
13-Front_jpg.rf.116cd5c96f00785e553baa9648b64000.jpg, 1, 0, 0, 0, 0, 0
25-Left_jpg.rf.0ee443138be0bc5e945f04b8aae832dc.jpg, 0, 0, 0, 0, 1, 0
3-Front_jpg.rf.12054dfcf0691f57d3e0d28f20cbcbdd.jpg, 0, 0, 0, 0, 0, 1
12-Right_jpg.rf.117d55d744aa32c34661c947916cc456.jpg, 0, 0, 0, 1, 0, 0
22-Back_jpg.rf.11b1a06e5b25077f6674469dd4a3d70c.jpg, 0, 0, 0, 0, 1, 0
27-Back_jpg.rf.10fa708b3fc2077cdf4fb9fc9830edbc.jpg, 1, 0, 0, 0, 0, 0
19-Right_jpg.rf.127e0ebe541cac9118c7a3df9536a45f.jpg, 1, 0, 0, 0, 0, 0
28-Front_jpg.rf.141c2b1c30fcedf2ccf6061342122f22.jpg, 1, 0, 0, 0, 0, 0
14-Left_jpg.rf.12c0b88e80f21a450f7ff08d5dc59c70.jpg, 0, 0, 1, 0, 0, 0
21-Right_jpg.rf.13233768e19530f9658074ca20f9e717.jpg, 1, 0, 0, 0, 0, 0
11-Top-Down_jpg.rf.13b253c60d072d7accd54e13120241e8.jpg, 0, 0, 0, 0, 0, 1
23-Front_jpg.rf.13b856dc544480e29d2f43b62f6cdaa0.jpg, 0, 0, 1, 0, 0, 0
25-Front_jpg.rf.140c7d8b8170d9ba72375eb0ccd72250.jpg, 0, 0, 0, 0, 1, 0
6-Left_jpg.rf.14cbf92ae21567431ed44db3e93d6a8f.jpg, 0, 1, 0, 0, 0, 0
39-Right_jpg.rf.0babd06a007ab1b7e117771f1f81bf60.jpg, 0, 1, 0, 0, 0, 0
30-Left_jpg.rf.153b98359637d5aadc0db03bfb66ecc8.jpg, 0, 0, 1, 0, 0, 0
12-Top-Down_jpg.rf.14dcf68f4f508b7192777c8710fa5380.jpg, 0, 0, 0, 0, 0, 1
11-Right_jpg.rf.153bcbf7eccb033e259d6a6d5ae52fd6.jpg, 0, 0, 0, 1, 0, 0
37-Right_jpg.rf.15a18cd5c58abffe56a414cfdd3b00c3.jpg, 1, 0, 0, 0, 0, 0
5-Front_jpg.rf.16a8d9a65826bfa8df2b872b5f05c35b.jpg, 0, 0, 0, 0, 0, 1
1-Left_jpg.rf.12a9da4be74cd3f895c58fa1241855d4.jpg, 0, 0, 0, 1, 0, 0
1-Front_jpg.rf.15add7766c809cabaeae1221f0c314ae.jpg, 0, 0, 0, 0, 0, 1
27-Front_jpg.rf.1395161867e675f944edbc13dfb3ab62.jpg, 1, 0, 0, 0, 0, 0
39-Back_jpg.rf.16d96c1e448c969def1939930634ed4c.jpg, 0, 1, 0, 0, 0, 0
24-Front_jpg.rf.1659a7aefcdb69f5bdaaadc227e02cc7.jpg, 0, 0, 0, 1, 0, 0
27-Front_jpg.rf.15f446fa65d590737dd6362a12c9fc5b.jpg, 0, 0, 0, 0, 1, 0
21-Left_jpg.rf.12b12c18c60b2464912bf9df4fa57a61.jpg, 0, 0, 0, 1, 0, 0
24-Left_jpg.rf.172b97682d95d6f26f4712f9cf033055.jpg, 1, 0, 0, 0, 0, 0
18-Back_jpg.rf.12b1d16a7789c9928f680ed01161f545.jpg, 0, 0, 0, 1, 0, 0
13-Right_jpg.rf.1853bddac2be335ff780836f52550c27.jpg, 1, 0, 0, 0, 0, 0
28-Right_jpg.rf.18bbd1b6b5326b7ec874bc07a57710a0.jpg, 1, 0, 0, 0, 0, 0
39-Front_jpg.rf.176e882d967af0bd75bca9945b59eaa0.jpg, 0, 0, 1, 0, 0, 0
36-Left_jpg.rf.18ee1dbddd3c5b7c6b020c8741cf75e7.jpg, 1, 0, 0, 0, 0, 0
33-Front_jpg.rf.1743933ff92cd22bd642c4cbaf6d31a8.jpg, 1, 0, 0, 0, 0, 0
2-Back_jpg.rf.1769ca4396852a96cd3b3141e99061bc.jpg, 0, 1, 0, 0, 0, 0
17-Left_jpg.rf.19d3e0e1bf08d64ca87fdd087447ee18.jpg, 1, 0, 0, 0, 0, 0
54-Back_jpg.rf.14e7dc7e744f0a941da1edcdaeb7a1b5.jpg, 0, 1, 0, 0, 0, 0
23-Front_jpg.rf.18ed17f4afbfc9113b89b22bb246cced.jpg, 1, 0, 0, 0, 0, 0
14-Front_jpg.rf.1970327cfdf5d73c804725eff2e7c3e1.jpg, 0, 0, 0, 0, 1, 0
23-Right_jpg.rf.19eab62042b49a893ad4a7326d239dcb.jpg, 0, 0, 1, 0, 0, 0
36-Right_jpg.rf.1a2a5db844eb834bccb07b70c3411839.jpg, 0, 0, 1, 0, 0, 0
39-Right_jpg.rf.18d888b416532baaef49b4c69c6d09b5.jpg, 0, 0, 1, 0, 0, 0
26-Right_jpg.rf.1aca6a4cd32289653b5a209a59d800ae.jpg, 0, 0, 0, 0, 1, 0
12-Front_jpg.rf.1721e51d3e1ee8eb88597e945db5c257.jpg, 0, 0, 1, 0, 0, 0
39-Front_jpg.rf.1a68143a580117fd7d0a2ba33167f6ca.jpg, 0, 1, 0, 0, 0, 0
38-Right_jpg.rf.1a41ffdc8389c61e50686f361bee91ff.jpg, 0, 0, 1, 0, 0, 0
9-Back_jpg.rf.197fa2d1e19d862caea87b9b5e4dfc83.jpg, 1, 0, 0, 0, 0, 0
19-Left_jpg.rf.1aba92ffb0c26398749d1dd7fb7b5519.jpg, 0, 0, 0, 0, 1, 0
36-Front_jpg.rf.1b9e5e98adb672c60be3d92a17043b37.jpg, 0, 1, 0, 0, 0, 0
9-Back_jpg.rf.1a3badec832e26ec56b4cec354976a04.jpg, 0, 0, 0, 0, 0, 1
23-Right_jpg.rf.1cdcf3a138c0537f1996a0345fa5c499.jpg, 0, 1, 0, 0, 0, 0
9-Right_jpg.rf.1b5f523a490009b84db5497d3f3da2ed.jpg, 1, 0, 0, 0, 0, 0
23-Back_jpg.rf.1c1339805bbf01c05f6bd3e49eb3f876.jpg, 0, 0, 0, 1, 0, 0
13-Front_jpg.rf.1d114acda2058157d6ff588199243700.jpg, 0, 0, 0, 1, 0, 0
1-Top-Down_jpg.rf.1d70ea0c7aa51a48db9e1fe3e2ba0d52.jpg, 0, 0, 0, 0, 0, 1
20-Front_jpg.rf.1ce233181461a94005063173b377f250.jpg, 1, 0, 0, 0, 0, 0
33-Back_jpg.rf.1aeabf96835a49c8ca5028bad786285b.jpg, 1, 0, 0, 0, 0, 0
11-Front_jpg.rf.1e99a9197d01f3f8176882df9192a55f.jpg, 0, 0, 1, 0, 0, 0
22-Left_jpg.rf.1ba07a067e2b7cbd82c440cc46f7f21f.jpg, 0, 0, 0, 1, 0, 0
13-Right_jpg.rf.1d4cd2fec9f9b5d11237dcc5b2fe943f.jpg, 0, 0, 0, 0, 1, 0
1-Left_jpg.rf.1ddc89e1035d8135d784b8f39ea9e35d.jpg, 0, 0, 0, 0, 0, 1
17-Top-Down_jpg.rf.1c35779e27ebd2bce792294fc2a835e7.jpg, 1, 0, 0, 0, 0, 0
13-Left_jpg.rf.1aaabe94e268948166bb8c2eb591f74e.jpg, 0, 0, 0, 1, 0, 0
18-Front_jpg.rf.1d9d5175e20d5d4ec76b8d1d529d6871.jpg, 0, 0, 0, 0, 1, 0
9-Front_jpg.rf.1e9528441572fc9d1b30a338c0e45084.jpg, 0, 0, 0, 0, 0, 1
28-Top-Down_jpg.rf.1e9da1e0e89cbdf11d6f087284aeaab9.jpg, 1, 0, 0, 0, 0, 0
2-Back_jpg.rf.18ebf65a63cdc7f969697f8f8d73684e.jpg, 0, 0, 0, 0, 1, 0
22-Left_jpg.rf.1da29a43ca3911f76a11d3de9aa48e72.jpg, 0, 0, 0, 1, 0, 0
27-Right_jpg.rf.1c84b8c6444cdf125dd7397b2f248988.jpg, 0, 0, 0, 0, 1, 0
32-Back_jpg.rf.204f343111f55e4e151b295603ea9b6a.jpg, 1, 0, 0, 0, 0, 0
6-Left_jpg.rf.1d8f548cbbfad3fd6b98b9d65bfd0ac0.jpg, 0, 1, 0, 0, 0, 0
34-Top-Down_jpg.rf.1f2bd23765aec5c9963b8fd550a29e00.jpg, 0, 1, 0, 0, 0, 0
33-Front_jpg.rf.21ed6b7d31e35f7886fe739609175582.jpg, 1, 0, 0, 0, 0, 0
7-Back_jpg.rf.1ee3f6bf0df180ac8f0fe5234d0f5d08.jpg, 0, 0, 1, 0, 0, 0
34-Right_jpg.rf.1c9b1dfdf436399d3d4a1d8e1bada7d9.jpg, 0, 0, 1, 0, 0, 0
21-Right_jpg.rf.20e2e6e8931e625a1d994fa46fa78eab.jpg, 0, 0, 0, 1, 0, 0
2-Left_jpg.rf.209a3b729f54a1bb69c0a05ea57ae15c.jpg, 1, 0, 0, 0, 0, 0
28-Front_jpg.rf.20da6bf717861f999227717be8017acc.jpg, 1, 0, 0, 0, 0, 0
9-Top-Down_jpg.rf.21e76b6b54b286ec68a6b016b7d6a4db.jpg, 1, 0, 0, 0, 0, 0
22-Right_jpg.rf.1f723678e48c6c37a19eee1bb711a8ab.jpg, 0, 0, 0, 0, 1, 0
37-Top-Down_jpg.rf.1c84ffc50c8a4a5259c6ccd71bfa8283.jpg, 1, 0, 0, 0, 0, 0
19-Left_jpg.rf.2145e26c434ccbe5ec0ec583f9313c29.jpg, 0, 0, 0, 0, 1, 0
30-Top-Down_jpg.rf.22d960e62cceac1f2d1ab4cb01ca86fe.jpg, 1, 0, 0, 0, 0, 0
30-Top-Down_jpg.rf.242312812875cf82502e6ea0cdbc5503.jpg, 1, 0, 0, 0, 0, 0
38-Top-Down_jpg.rf.2223fbba156d3464158dfd5ca87027fc.jpg, 0, 0, 1, 0, 0, 0
1-Right_jpg.rf.24735b6d4caf9fe44c12eb99d33be5e1.jpg, 0, 0, 0, 1, 0, 0
13-Right_jpg.rf.229b7e7b8be0af52993de58d9d90d245.jpg, 1, 0, 0, 0, 0, 0
25-Front_jpg.rf.238e7cd65eee204914f36e0a11bafe8c.jpg, 0, 0, 0, 1, 0, 0
48-Top-Down_jpg.rf.23eb59fd9f4804adfddb58191570fd51.jpg, 0, 1, 0, 0, 0, 0
14-Front_jpg.rf.23bef3b11c6b545320643d1e1845f77c.jpg, 1, 0, 0, 0, 0, 0
30-Top-Down_jpg.rf.224326fb87130aebb01e1775657d07b2.jpg, 0, 0, 0, 0, 1, 0
35-Right_jpg.rf.21fb755cf24819ea73820b2f58c37626.jpg, 1, 0, 0, 0, 0, 0
35-Right_jpg.rf.20621751911ffb0208685858f4405170.jpg, 0, 0, 1, 0, 0, 0
17-Left_jpg.rf.1f2354e3d3356f8740b349320b40cc40.jpg, 0, 0, 0, 0, 0, 1
12-Left_jpg.rf.24bb1f80711a77b9ba02ad31b9829c0a.jpg, 0, 0, 0, 1, 0, 0
5-Top-Down_jpg.rf.247f8b719eaf75d97e3562c569834354.jpg, 0, 0, 0, 0, 0, 1
18-Top-Down_jpg.rf.253d1e0ef98a1cccf1cd67610464d081.jpg, 0, 0, 0, 1, 0, 0
21-Left_jpg.rf.223fc79a607067da99c4ab8c3334f055.jpg, 0, 0, 0, 0, 1, 0
18-Left_jpg.rf.249f58de9c019a81ac32832f47f77862.jpg, 0, 0, 0, 0, 1, 0